Workbook

Sheet Guide
A1: Quest 64 Recompiled - Archipelago logic planner
A2: A place to lay out the world's logic before it is written into rules.py with Archipelago's Rule Builder. Every sheet starts out holding the logic the apworld has today (tools/archipelago_world.pl), so it doubles as a record of it.
A4: How to fill it in
A5: Yellow cells are the ones to edit; everything else is looked up or counted from them. Blue text on yellow is an input. Rule cells are Rule Builder expressions, written the way worlds/apquest/rules.py writes them.
A6: 1. Regions: one row per region. A region is a place a set of checks share, not a rule; rules go on the entrances between regions.
A7: 2. Entrances: one row per connection, From -> To, with the rule the player must meet to go through it. AP assumes the way back is always open.
A8: 3. Locations: every check the world has, with the region it sits in and, only where reaching the region is not enough, a rule of its own (a boss needing his Soul, for instance).
A9: 4. Named Rules: rules used in more than one place, given a name, as APQuest does with HAS_KEY. Write the name in a Rule cell and define it once here.
A10: 5. Items and Options are for reference. Items counts how many rules mention each item, so an item marked progression that no rule uses stands out, and one used in a rule but classed filler would make seeds unwinnable.
A12: Rule Builder cheat sheet (from rule_builder.rules and rule_builder.options)
A13: Write | B13: Means | C13: Example
A14: Has(item) | B14: Has one of the item. | C14: Has("Earth Orb")
A15: Has(item, count=n) | B15: Has at least n of it. | C15: Has("Level Up", count=10)
A16: HasAll(a, b, ...) | B16: Has every one of them. | C16: HasAll("Fire Ruby", "Water Jewel")
A17: HasAny(a, b, ...) | B17: Has at least one of them. | C17: HasAny("Red Wings", "Black Wings")
A18: HasGroup(group) | B18: Has one item from an item group (item_name_groups). | C18: HasGroup("Gems")
A19: CanReachRegion(name) | B19: The region is reachable. Rule Builder registers the indirect condition itself. | C19: CanReachRegion("Late")
A20: CanReachLocation(name) | B20: The location is reachable (its region and its own rule). | C20: CanReachLocation("Boss - Fargo")
A21: OptionFilter(Option, value, operator=...) | B21: True when the yaml option compares true: operator eq (default), ne, gt, ge, lt, le, contains. Only means something inside & or |. | C21: OptionFilter(BossSouls, 1, operator="ge")
A22: True_() / False_() | B22: Always / never. | C22: True_()
A23: a & b | B23: Both. | C23: Has("Fire Ruby") & Has("Water Jewel")
A24: a | b | B24: Either. | C24: Has("Earth Orb") | OptionFilter(BossSouls, 1, operator="ge")
A25: (blank) | B25: No rule of its own: reaching the region is enough.
A27: How the sheet becomes code
A28: Regions -> Region(name, player, multiworld); Entrances -> from_region.connect(to_region, "From to To") and world.set_rule(world.get_entrance("From to To"), rule); Locations -> region.add_locations(...) and world.set_rule(world.get_location(name), rule) where a rule is given; completion -> world.set_completion_rule(rule).
A29: Named Rules become module-level constants in rules.py. Option classes (BossSouls, MammonPortal, ...) are the ones in Options.py, listed on the Options sheet.
A30: If every rule is a Rule Builder rule, the world class can subclass CachedRuleBuilderWorld instead of World for faster generation (APQuest's note: try it and time a few seeds).
A32: Completion
A33: Completion rule | B33: CanReachLocation("Boss - Mammon")
A34: Today the goal is reaching Mammon's check. APQuest's pattern is an event location "Mammon Defeated" holding a "Victory" event item, with Has("Victory") as the completion rule; either works.

Sheet Regions
A1: Regions
A2: One row per region. Add new ones in the empty yellow rows; the Locations and Entrances dropdowns list whatever is in column A.
A3: Region | B3: What it stands for | C3: Locations in it | D3: Entrances in | E3: Notes
A4: Menu | B4: Archipelago's start region. Leads straight to the Overworld. | C4: =IF(A4="","",COUNTIF(Locations!$F$4:$F$400,A4)) | D4: =IF(A4="","",COUNTIF(Entrances!$C$4:$C$400,A4))
A5: Overworld | B5: Melrode and everything open from the start: Holy Plains, Connor Forest, the spirits, the gift NPCs. | C5: =IF(A5="","",COUNTIF(Locations!$F$4:$F$400,A5)) | D5: =IF(A5="","",COUNTIF(Entrances!$C$4:$C$400,A5))
A6: Boss 1 | B6: Solvaring (Connor Forest). | C6: =IF(A6="","",COUNTIF(Locations!$F$4:$F$400,A6)) | D6: =IF(A6="","",COUNTIF(Entrances!$C$4:$C$400,A6))
A7: Early | B7: What opens once the first gems are in: Dondoran, Glencoe, West Carmaugh. | C7: =IF(A7="","",COUNTIF(Locations!$F$4:$F$400,A7)) | D7: =IF(A7="","",COUNTIF(Entrances!$C$4:$C$400,A7))
A8: Boss 2 | B8: Zelse (Windward Forest). Behind the Earth Orb. | C8: =IF(A8="","",COUNTIF(Locations!$F$4:$F$400,A8)) | D8: =IF(A8="","",COUNTIF(Entrances!$C$4:$C$400,A8))
A9: Boss 3 | B9: Nepty (Blue Cave). Behind the Wind Jade. | C9: =IF(A9="","",COUNTIF(Locations!$F$4:$F$400,A9)) | D9: =IF(A9="","",COUNTIF(Entrances!$C$4:$C$400,A9))
A10: Mid | B10: Isle of Skye, Baragoon Tunnel, Dindom Dries. Behind the Wind Jade. | C10: =IF(A10="","",COUNTIF(Locations!$F$4:$F$400,A10)) | D10: =IF(A10="","",COUNTIF(Entrances!$C$4:$C$400,A10))
A11: Boss 4 | B11: Shilf (Baragoon Tunnel). Behind the Water Jewel. | C11: =IF(A11="","",COUNTIF(Locations!$F$4:$F$400,A11)) | D11: =IF(A11="","",COUNTIF(Entrances!$C$4:$C$400,A11))
A12: Boss 5 | B12: Fargo (Boil Hole). Behind the Water Jewel. | C12: =IF(A12="","",COUNTIF(Locations!$F$4:$F$400,A12)) | D12: =IF(A12="","",COUNTIF(Entrances!$C$4:$C$400,A12))
A13: Late | B13: Baragoon Moor, Brannoch Castle. Behind the Fire Ruby. | C13: =IF(A13="","",COUNTIF(Locations!$F$4:$F$400,A13)) | D13: =IF(A13="","",COUNTIF(Entrances!$C$4:$C$400,A13))
A14: Boss 6 | B14: Guilty (Brannoch Castle). Behind the Fire Ruby. | C14: =IF(A14="","",COUNTIF(Locations!$F$4:$F$400,A14)) | D14: =IF(A14="","",COUNTIF(Entrances!$C$4:$C$400,A14))
A15: Boss 7 | B15: Beigis (Brannoch Castle roof). Behind the Fire Ruby. | C15: =IF(A15="","",COUNTIF(Locations!$F$4:$F$400,A15)) | D15: =IF(A15="","",COUNTIF(Entrances!$C$4:$C$400,A15))
... A17: Boss 8 | B17: Mammon. Behind the Dark Gaol Key. | C17: =IF(A17="","",COUNTIF(Locations!$F$4:$F$400,A17)) | D17: =IF(A17="","",COUNTIF(Entrances!$C$4:$C$400,A17))
C18: =IF(A18="","",COUNTIF(Locations!$F$4:$F$400,A18)) | D18: =IF(A18="","",COUNTIF(Entrances!$C$4:$C$400,A18))
C19: =IF(A19="","",COUNTIF(Locations!$F$4:$F$400,A19)) | D19: =IF(A19="","",COUNTIF(Entrances!$C$4:$C$400,A19))
C20: =IF(A20="","",COUNTIF(Locations!$F$4:$F$400,A20)) | D20: =IF(A20="","",COUNTIF(Entrances!$C$4:$C$400,A20))
C21: =IF(A21="","",COUNTIF(Locations!$F$4:$F$400,A21)) | D21: =IF(A21="","",COUNTIF(Entrances!$C$4:$C$400,A21))
C22: =IF(A22="","",COUNTIF(Locations!$F$4:$F$400,A22)) | D22: =IF(A22="","",COUNTIF(Entrances!$C$4:$C$400,A22))
C23: =IF(A23="","",COUNTIF(Locations!$F$4:$F$400,A23)) | D23: =IF(A23="","",COUNTIF(Entrances!$C$4:$C$400,A23))
C24: =IF(A24="","",COUNTIF(Locations!$F$4:$F$400,A24)) | D24: =IF(A24="","",COUNTIF(Entrances!$C$4:$C$400,A24))
C25: =IF(A25="","",COUNTIF(Locations!$F$4:$F$400,A25)) | D25: =IF(A25="","",COUNTIF(Entrances!$C$4:$C$400,A25))
C26: =IF(A26="","",COUNTIF(Locations!$F$4:$F$400,A26)) | D26: =IF(A26="","",COUNTIF(Entrances!$C$4:$C$400,A26))
C27: =IF(A27="","",COUNTIF(Locations!$F$4:$F$400,A27)) | D27: =IF(A27="","",COUNTIF(Entrances!$C$4:$C$400,A27))
C28: =IF(A28="","",COUNTIF(Locations!$F$4:$F$400,A28)) | D28: =IF(A28="","",COUNTIF(Entrances!$C$4:$C$400,A28))
C29: =IF(A29="","",COUNTIF(Locations!$F$4:$F$400,A29)) | D29: =IF(A29="","",COUNTIF(Entrances!$C$4:$C$400,A29))
... C57: =IF(A57="","",COUNTIF(Locations!$F$4:$F$400,A57)) | D57: =IF(A57="","",COUNTIF(Entrances!$C$4:$C$400,A57))

Sheet Entrances
A1: Entrances
A2: One row per connection. The name is "From to To", which is what world.get_entrance() takes. Rule is a Rule Builder expression or a name from Named Rules; blank means always open.
A3: Entrance | B3: From | C3: To | D3: Rule | E3: Notes
A4: =IF(OR(B4="",C4=""),"",B4&" to "&C4) | B4: Menu | C4: Overworld
A5: =IF(OR(B5="",C5=""),"",B5&" to "&C5) | B5: Overworld | C5: Boss 1
A6: =IF(OR(B6="",C6=""),"",B6&" to "&C6) | B6: Overworld | C6: Early
A7: =IF(OR(B7="",C7=""),"",B7&" to "&C7) | B7: Boss 1 | C7: Boss 2 | D7: EARTH_ORB_GATE
A8: =IF(OR(B8="",C8=""),"",B8&" to "&C8) | B8: Early | C8: Boss 2 | D8: EARTH_ORB_GATE
A9: =IF(OR(B9="",C9=""),"",B9&" to "&C9) | B9: Boss 2 | C9: Boss 3 | D9: WIND_JADE_GATE
A10: =IF(OR(B10="",C10=""),"",B10&" to "&C10) | B10: Boss 3 | C10: Mid | D10: WIND_JADE_GATE
A11: =IF(OR(B11="",C11=""),"",B11&" to "&C11) | B11: Boss 3 | C11: Boss 4 | D11: WATER_JEWEL_GATE
A12: =IF(OR(B12="",C12=""),"",B12&" to "&C12) | B12: Mid | C12: Boss 5 | D12: WATER_JEWEL_GATE
A13: =IF(OR(B13="",C13=""),"",B13&" to "&C13) | B13: Boss 4 | C13: Boss 5 | D13: WATER_JEWEL_GATE
A14: =IF(OR(B14="",C14=""),"",B14&" to "&C14) | B14: Boss 5 | C14: Late | D14: FIRE_RUBY_GATE
A15: =IF(OR(B15="",C15=""),"",B15&" to "&C15) | B15: Boss 5 | C15: Boss 6 | D15: FIRE_RUBY_GATE
A16: =IF(OR(B16="",C16=""),"",B16&" to "&C16) | B16: Late | C16: Boss 7 | D16: FIRE_RUBY_GATE
A17: =IF(OR(B17="",C17=""),"",B17&" to "&C17) | B17: Boss 6 | C17: Boss 7 | D17: FIRE_RUBY_GATE
A18: =IF(OR(B18="",C18=""),"",B18&" to "&C18) | B18: Boss 7 | C18: Endgame | D18: ENDGAME_DOOR
A19: =IF(OR(B19="",C19=""),"",B19&" to "&C19) | B19: Endgame | C19: Boss 8 | D19: Has("Dark Gaol Key")
A20: =IF(OR(B20="",C20=""),"",B20&" to "&C20)
A21: =IF(OR(B21="",C21=""),"",B21&" to "&C21)
A22: =IF(OR(B22="",C22=""),"",B22&" to "&C22)
A23: =IF(OR(B23="",C23=""),"",B23&" to "&C23)
A24: =IF(OR(B24="",C24=""),"",B24&" to "&C24)
A25: =IF(OR(B25="",C25=""),"",B25&" to "&C25)
A26: =IF(OR(B26="",C26=""),"",B26&" to "&C26)
A27: =IF(OR(B27="",C27=""),"",B27&" to "&C27)
A28: =IF(OR(B28="",C28=""),"",B28&" to "&C28)
A29: =IF(OR(B29="",C29=""),"",B29&" to "&C29)
A30: =IF(OR(B30="",C30=""),"",B30&" to "&C30)
A31: =IF(OR(B31="",C31=""),"",B31&" to "&C31)
... A59: =IF(OR(B59="",C59=""),"",B59&" to "&C59)

Sheet Locations
A1: Locations
A2: Every check the apworld has. Region and Rule are today's logic, ready to change: pick a region from the dropdown, and give a Rule only where reaching the region is not enough. The names and ids are fixed - renaming a location breaks every seed made with it.
A3: Location | B3: ID | C3: Group | D3: Game area | E3: Exists when | F3: Region | G3: Rule | H3: Notes
A4: Chest - Greenoch Ruins | B4: 0x51641000 | C4: Chest | D4: Greenoch Ruins | E4: chestsanity | F4: Mid | H4: Vanilla: Replica
A5: Chest - Monastery Dining Hall | B5: 0x51641001 | C5: Chest | D5: Monastery Dining Hall | E5: chestsanity | F5: Overworld | H5: Vanilla: Honey Bread
A6: Chest - Monastery Courtyard | B6: 0x51641002 | C6: Chest | D6: Monastery Courtyard | E6: chestsanity | F6: Overworld | H6: Vanilla: Dew Drop
A7: Chest - Monastery Storage #1 | B7: 0x51641003 | C7: Chest | D7: Monastery Storage | E7: chestsanity | F7: Overworld | H7: Vanilla: Dew Drop
A8: Chest - Monastery Storage #2 | B8: 0x51641004 | C8: Chest | D8: Monastery Storage | E8: chestsanity | F8: Overworld | H8: Vanilla: Dew Drop
A9: Chest - Dondoran Castle King's Room #1 | B9: 0x51641005 | C9: Chest | D9: Dondoran Castle King's Room | E9: chestsanity | F9: Overworld | H9: Vanilla: Fresh Bread
A10: Chest - Dondoran Castle King's Room #2 | B10: 0x51641006 | C10: Chest | D10: Dondoran Castle King's Room | E10: chestsanity | F10: Overworld | H10: Vanilla: Fresh Bread
A11: Chest - Dondoran Castle King's Room #3 | B11: 0x51641007 | C11: Chest | D11: Dondoran Castle King's Room | E11: chestsanity | F11: Overworld | H11: Vanilla: Dew Drop
A12: Chest - Dondoran Castle Flora's Room #1 | B12: 0x51641008 | C12: Chest | D12: Dondoran Castle Flora's Room | E12: chestsanity | F12: Overworld | H12: Vanilla: Dew Drop
A13: Chest - Dondoran Castle Flora's Room #2 | B13: 0x51641009 | C13: Chest | D13: Dondoran Castle Flora's Room | E13: chestsanity | F13: Overworld | H13: Vanilla: Dew Drop
A14: Chest - Dondoran Castle Flora's Room #3 | B14: 0x5164100A | C14: Chest | D14: Dondoran Castle Flora's Room | E14: chestsanity | F14: Overworld | H14: Vanilla: Mint Leaves
A15: Chest - Dondoran Castle Treasure Room #1 | B15: 0x5164100B | C15: Chest | D15: Dondoran Castle Treasure Room | E15: chestsanity | F15: Early | H15: Vanilla: Healing Potion
... A174: Defeat - Spriggan | B174: 0x51643042 | C174: Monster | D174: Mammon's World | E174: enemysanity | F174: Endgame | H174: Any one kill counts; first met in this area
A175: Boss - Solvaring | B175: 0x51644001 | C175: Boss | D175: Connor Forest | E175: always | F175: Boss 1 | G175: Has("Solvaring's Soul") | OptionFilter(BossSouls, 0) | H175: Vanilla: Earth Orb. The Soul matters only with boss_souls on
A176: Boss - Zelse | B176: 0x51644002 | C176: Boss | D176: Windward Forest | E176: always | F176: Boss 2 | G176: Has("Zelse's Soul") | OptionFilter(BossSouls, 0) | H176: Vanilla: Wind Jade. The Soul matters only with boss_souls on
A177: Boss - Nepty | B177: 0x51644003 | C177: Boss | D177: Blue Cave | E177: always | F177: Boss 3 | G177: Has("Nepty's Soul") | OptionFilter(BossSouls, 0) | H177: Vanilla: Water Jewel. The Soul matters only with boss_souls on
A178: Boss - Shilf | B178: 0x51644004 | C178: Boss | D178: Baragoon Tunnel | E178: always | F178: Boss 4 | G178: Has("Shilf's Soul") | OptionFilter(BossSouls, 0) | H178: Vanilla: . The Soul matters only with boss_souls on
A179: Boss - Fargo | B179: 0x51644005 | C179: Boss | D179: Boil Hole | E179: always | F179: Boss 5 | G179: Has("Fargo's Soul") | OptionFilter(BossSouls, 0) | H179: Vanilla: Fire Ruby. The Soul matters only with boss_souls on
A180: Boss - Guilty | B180: 0x51644006 | C180: Boss | D180: Brannoch Castle | E180: always | F180: Boss 6 | G180: Has("Guilty's Soul") | OptionFilter(BossSouls, 0) | H180: Vanilla: . The Soul matters only with boss_souls on
A181: Boss - Beigis | B181: 0x51644007 | C181: Boss | D181: Brannoch Castle roof | E181: always | F181: Boss 7 | G181: Has("Beigis's Soul") | OptionFilter(BossSouls, 0) | H181: Vanilla: . The Soul matters only with boss_souls on
A182: Boss - Mammon | B182: 0x51644008 | C182: Boss | D182: Mammon's World | E182: always | F182: Boss 8 | G182: Has("Mammon's Soul") | OptionFilter(BossSouls, 2, operator="lt") | H182: Vanilla: (ending). The Soul matters only with boss_souls on
A183: Spirit - Melrode #1 | B183: 0x51645000 | C183: Spirit | D183: Melrode | E183: spiritsanity | F183: Overworld | H183: Vanilla: Level Up
A184: Spirit - Melrode #2 | B184: 0x51645001 | C184: Spirit | D184: Melrode | E184: spiritsanity | F184: Overworld | H184: Vanilla: Level Up
A185: Spirit - Dondoran #1 | B185: 0x51645002 | C185: Spirit | D185: Dondoran | E185: spiritsanity | F185: Overworld | H185: Vanilla: Level Up
A186: Spirit - Holy Plains #1 | B186: 0x51645003 | C186: Spirit | D186: Holy Plains | E186: spiritsanity | F186: Overworld | H186: Vanilla: Level Up
A187: Spirit - Holy Plains #2 | B187: 0x51645004 | C187: Spirit | D187: Holy Plains | E187: spiritsanity | F187: Overworld | H187: Vanilla: Level Up
A188: Spirit - Dondoran Flats #1 | B188: 0x51645005 | C188: Spirit | D188: Dondoran Flats | E188: spiritsanity | F188: Overworld | H188: Vanilla: Level Up
A189: Spirit - Dondoran Flats #2 | B189: 0x51645006 | C189: Spirit | D189: Dondoran Flats | E189: spiritsanity | F189: Overworld | H189: Vanilla: Level Up
A190: Spirit - Dondoran Flats #3 | B190: 0x51645007 | C190: Spirit | D190: Dondoran Flats | E190: spiritsanity | F190: Overworld | H190: Vanilla: Level Up
A191: Spirit - Larapool #1 | B191: 0x51645008 | C191: Spirit | D191: Larapool | E191: spiritsanity | F191: Overworld | H191: Vanilla: Level Up
A192: Spirit - Larapool #2 | B192: 0x51645009 | C192: Spirit | D192: Larapool | E192: spiritsanity | F192: Overworld | H192: Vanilla: Level Up
A193: Spirit - Larapool #3 | B193: 0x5164500A | C193: Spirit | D193: Larapool | E193: spiritsanity | F193: Overworld | H193: Vanilla: Level Up
A194: Spirit - West Carmagh (Greenoch) #1 | B194: 0x5164500B | C194: Spirit | D194: West Carmagh (Greenoch) | E194: spiritsanity | F194: Overworld | H194: Vanilla: Level Up
... A280: Spirit - Hidden rooms & shrines #3 | B280: 0x51645061 | C280: Spirit | D280: Hidden rooms & shrines | E280: spiritsanity | F280: Overworld | H280: Vanilla: Level Up

Sheet Named Rules
A1: Named Rules
A2: Rules used in more than one place. Each becomes a constant in rules.py; write its name in any Rule cell. "Used" counts the Rule cells that mention it.
A3: Name | B3: Rule | C3: Used | D3: Notes
A4: EARTH_ORB_GATE | B4: Has("Earth Orb") | OptionFilter(BossSouls, 1, operator="ge") | C4: =IF(A4="","",COUNTIF(Entrances!$D$4:$D$400,"*"&A4&"*")+COUNTIF(Locations!$G$4:$G$400,"*"&A4&"*")+COUNTIF($B$4:$B$400,"*"&A4&"*")) | D4: With Boss Souls on, a boss may not be there to drop his gem, so the game opens the gem locks and the gem stops gating anything.
A5: WIND_JADE_GATE | B5: Has("Wind Jade") | OptionFilter(BossSouls, 1, operator="ge") | C5: =IF(A5="","",COUNTIF(Entrances!$D$4:$D$400,"*"&A5&"*")+COUNTIF(Locations!$G$4:$G$400,"*"&A5&"*")+COUNTIF($B$4:$B$400,"*"&A5&"*")) | D5: As EARTH_ORB_GATE.
A6: WATER_JEWEL_GATE | B6: Has("Water Jewel") | OptionFilter(BossSouls, 1, operator="ge") | C6: =IF(A6="","",COUNTIF(Entrances!$D$4:$D$400,"*"&A6&"*")+COUNTIF(Locations!$G$4:$G$400,"*"&A6&"*")+COUNTIF($B$4:$B$400,"*"&A6&"*")) | D6: As EARTH_ORB_GATE.
A7: FIRE_RUBY_GATE | B7: Has("Fire Ruby") | OptionFilter(BossSouls, 1, operator="ge") | C7: =IF(A7="","",COUNTIF(Entrances!$D$4:$D$400,"*"&A7&"*")+COUNTIF(Locations!$G$4:$G$400,"*"&A7&"*")+COUNTIF($B$4:$B$400,"*"&A7&"*")) | D7: As EARTH_ORB_GATE.
A8: ALL_BOSSES_BEATEN | B8: CanReachLocation("Boss - Solvaring") & CanReachLocation("Boss - Zelse") & CanReachLocation("Boss - Nepty") & CanReachLocation("Boss - Shilf") & CanReachLocation("Boss - Fargo") & CanReachLocation("Boss - Guilty") & CanReachLocation("Boss - Beigis") | C8: =IF(A8="","",COUNTIF(Entrances!$D$4:$D$400,"*"&A8&"*")+COUNTIF(Locations!$G$4:$G$400,"*"&A8&"*")+COUNTIF($B$4:$B$400,"*"&A8&"*")) | D8: mammon_portal all_bosses: the seven bosses before Mammon. Each boss's own rule already asks for his Soul.
A9: ALL_MONSTER_AREAS | B9: CanReachRegion("Overworld") & CanReachRegion("Early") & CanReachRegion("Mid") & CanReachRegion("Late") | C9: =IF(A9="","",COUNTIF(Entrances!$D$4:$D$400,"*"&A9&"*")+COUNTIF(Locations!$G$4:$G$400,"*"&A9&"*")+COUNTIF($B$4:$B$400,"*"&A9&"*")) | D9: mammon_portal all_monsters: every region a monster lives in.
A10: ENDGAME_DOOR | B10: (OptionFilter(MammonPortal, 0) & Has("Eletale's Book")) | (OptionFilter(MammonPortal, 1) & ALL_BOSSES_BEATEN) | (OptionFilter(MammonPortal, 2) & ALL_MONSTER_AREAS) | (OptionFilter(MammonPortal, 3) & ALL_BOSSES_BEATEN & ALL_MONSTER_AREAS) | C10: =IF(A10="","",COUNTIF(Entrances!$D$4:$D$400,"*"&A10&"*")+COUNTIF(Locations!$G$4:$G$400,"*"&A10&"*")+COUNTIF($B$4:$B$400,"*"&A10&"*")) | D10: The way into Mammon's World: the Book in the vanilla game, the portal condition otherwise (the Book is then not in the pool at all).
C11: =IF(A11="","",COUNTIF(Entrances!$D$4:$D$400,"*"&A11&"*")+COUNTIF(Locations!$G$4:$G$400,"*"&A11&"*")+COUNTIF($B$4:$B$400,"*"&A11&"*"))
C12: =IF(A12="","",COUNTIF(Entrances!$D$4:$D$400,"*"&A12&"*")+COUNTIF(Locations!$G$4:$G$400,"*"&A12&"*")+COUNTIF($B$4:$B$400,"*"&A12&"*"))
C13: =IF(A13="","",COUNTIF(Entrances!$D$4:$D$400,"*"&A13&"*")+COUNTIF(Locations!$G$4:$G$400,"*"&A13&"*")+COUNTIF($B$4:$B$400,"*"&A13&"*"))
C14: =IF(A14="","",COUNTIF(Entrances!$D$4:$D$400,"*"&A14&"*")+COUNTIF(Locations!$G$4:$G$400,"*"&A14&"*")+COUNTIF($B$4:$B$400,"*"&A14&"*"))
C15: =IF(A15="","",COUNTIF(Entrances!$D$4:$D$400,"*"&A15&"*")+COUNTIF(Locations!$G$4:$G$400,"*"&A15&"*")+COUNTIF($B$4:$B$400,"*"&A15&"*"))
C16: =IF(A16="","",COUNTIF(Entrances!$D$4:$D$400,"*"&A16&"*")+COUNTIF(Locations!$G$4:$G$400,"*"&A16&"*")+COUNTIF($B$4:$B$400,"*"&A16&"*"))
C17: =IF(A17="","",COUNTIF(Entrances!$D$4:$D$400,"*"&A17&"*")+COUNTIF(Locations!$G$4:$G$400,"*"&A17&"*")+COUNTIF($B$4:$B$400,"*"&A17&"*"))
C18: =IF(A18="","",COUNTIF(Entrances!$D$4:$D$400,"*"&A18&"*")+COUNTIF(Locations!$G$4:$G$400,"*"&A18&"*")+COUNTIF($B$4:$B$400,"*"&A18&"*"))
C19: =IF(A19="","",COUNTIF(Entrances!$D$4:$D$400,"*"&A19&"*")+COUNTIF(Locations!$G$4:$G$400,"*"&A19&"*")+COUNTIF($B$4:$B$400,"*"&A19&"*"))
C20: =IF(A20="","",COUNTIF(Entrances!$D$4:$D$400,"*"&A20&"*")+COUNTIF(Locations!$G$4:$G$400,"*"&A20&"*")+COUNTIF($B$4:$B$400,"*"&A20&"*"))
C21: =IF(A21="","",COUNTIF(Entrances!$D$4:$D$400,"*"&A21&"*")+COUNTIF(Locations!$G$4:$G$400,"*"&A21&"*")+COUNTIF($B$4:$B$400,"*"&A21&"*"))
C22: =IF(A22="","",COUNTIF(Entrances!$D$4:$D$400,"*"&A22&"*")+COUNTIF(Locations!$G$4:$G$400,"*"&A22&"*")+COUNTIF($B$4:$B$400,"*"&A22&"*"))
... C40: =IF(A40="","",COUNTIF(Entrances!$D$4:$D$400,"*"&A40&"*")+COUNTIF(Locations!$G$4:$G$400,"*"&A40&"*")+COUNTIF($B$4:$B$400,"*"&A40&"*"))

Sheet Items
A1: Items
A2: Every item the world can put in the pool. "In rules" counts the Rule cells (Entrances, Locations, Named Rules) that name it in quotes. A progression item with 0 is never required; a filler item above 0 would make seeds unwinnable. Count 0 means created only as filler.
A3: Item | B3: ID | C3: Classification | D3: Count | E3: Exists when | F3: In rules | G3: Notes
A4: Level Up | B4: 0x51640F00 | C4: progression | D4: 98 | E4: spiritsanity, or extra_level_ups > 0 | F4: =COUNTIF(Entrances!$D$4:$D$400,"*"""&A4&"""*")+COUNTIF(Locations!$G$4:$G$400,"*"""&A4&"""*")+COUNTIF('Named Rules'!$B$4:$B$400,"*"""&A4&"""*") | G4: The element-choice screen a spirit used to give
A5: Solvaring's Soul | B5: 0x51640E01 | C5: progression | D5: 1 | E5: boss_souls not off | F5: =COUNTIF(Entrances!$D$4:$D$400,"*"""&A5&"""*")+COUNTIF(Locations!$G$4:$G$400,"*"""&A5&"""*")+COUNTIF('Named Rules'!$B$4:$B$400,"*"""&A5&"""*") | G5: Until it arrives Solvaring is not in the game
A6: Zelse's Soul | B6: 0x51640E02 | C6: progression | D6: 1 | E6: boss_souls not off | F6: =COUNTIF(Entrances!$D$4:$D$400,"*"""&A6&"""*")+COUNTIF(Locations!$G$4:$G$400,"*"""&A6&"""*")+COUNTIF('Named Rules'!$B$4:$B$400,"*"""&A6&"""*") | G6: Until it arrives Zelse is not in the game
A7: Nepty's Soul | B7: 0x51640E03 | C7: progression | D7: 1 | E7: boss_souls not off | F7: =COUNTIF(Entrances!$D$4:$D$400,"*"""&A7&"""*")+COUNTIF(Locations!$G$4:$G$400,"*"""&A7&"""*")+COUNTIF('Named Rules'!$B$4:$B$400,"*"""&A7&"""*") | G7: Until it arrives Nepty is not in the game
A8: Shilf's Soul | B8: 0x51640E04 | C8: progression | D8: 1 | E8: boss_souls not off | F8: =COUNTIF(Entrances!$D$4:$D$400,"*"""&A8&"""*")+COUNTIF(Locations!$G$4:$G$400,"*"""&A8&"""*")+COUNTIF('Named Rules'!$B$4:$B$400,"*"""&A8&"""*") | G8: Until it arrives Shilf is not in the game
A9: Fargo's Soul | B9: 0x51640E05 | C9: progression | D9: 1 | E9: boss_souls not off | F9: =COUNTIF(Entrances!$D$4:$D$400,"*"""&A9&"""*")+COUNTIF(Locations!$G$4:$G$400,"*"""&A9&"""*")+COUNTIF('Named Rules'!$B$4:$B$400,"*"""&A9&"""*") | G9: Until it arrives Fargo is not in the game
A10: Guilty's Soul | B10: 0x51640E06 | C10: progression | D10: 1 | E10: boss_souls not off | F10: =COUNTIF(Entrances!$D$4:$D$400,"*"""&A10&"""*")+COUNTIF(Locations!$G$4:$G$400,"*"""&A10&"""*")+COUNTIF('Named Rules'!$B$4:$B$400,"*"""&A10&"""*") | G10: Until it arrives Guilty is not in the game
A11: Beigis's Soul | B11: 0x51640E07 | C11: progression | D11: 1 | E11: boss_souls not off | F11: =COUNTIF(Entrances!$D$4:$D$400,"*"""&A11&"""*")+COUNTIF(Locations!$G$4:$G$400,"*"""&A11&"""*")+COUNTIF('Named Rules'!$B$4:$B$400,"*"""&A11&"""*") | G11: Until it arrives Beigis is not in the game
A12: Mammon's Soul | B12: 0x51640E08 | C12: progression | D12: 1 | E12: boss_souls = with_mammon | F12: =COUNTIF(Entrances!$D$4:$D$400,"*"""&A12&"""*")+COUNTIF(Locations!$G$4:$G$400,"*"""&A12&"""*")+COUNTIF('Named Rules'!$B$4:$B$400,"*"""&A12&"""*") | G12: Until it arrives Mammon is not in the game
A13: Spirit Light | B13: 0x51640000 | C13: filler | D13: 0 | E13: always | F13: =COUNTIF(Entrances!$D$4:$D$400,"*"""&A13&"""*")+COUNTIF(Locations!$G$4:$G$400,"*"""&A13&"""*")+COUNTIF('Named Rules'!$B$4:$B$400,"*"""&A13&"""*") | G13: Pads the pool out as filler
A14: Fresh Bread | B14: 0x51640001 | C14: filler | D14: 0 | E14: always | F14: =COUNTIF(Entrances!$D$4:$D$400,"*"""&A14&"""*")+COUNTIF(Locations!$G$4:$G$400,"*"""&A14&"""*")+COUNTIF('Named Rules'!$B$4:$B$400,"*"""&A14&"""*") | G14: Pads the pool out as filler
A15: Honey Bread | B15: 0x51640002 | C15: filler | D15: 0 | E15: always | F15: =COUNTIF(Entrances!$D$4:$D$400,"*"""&A15&"""*")+COUNTIF(Locations!$G$4:$G$400,"*"""&A15&"""*")+COUNTIF('Named Rules'!$B$4:$B$400,"*"""&A15&"""*") | G15: Pads the pool out as filler
... A26: Golden Amulet | B26: 0x5164000D | C26: filler | D26: 0 | E26: always | F26: =COUNTIF(Entrances!$D$4:$D$400,"*"""&A26&"""*")+COUNTIF(Locations!$G$4:$G$400,"*"""&A26&"""*")+COUNTIF('Named Rules'!$B$4:$B$400,"*"""&A26&"""*") | G26: Pads the pool out as filler
A27: White Wings | B27: 0x5164000E | C27: useful | D27: 2 | E27: always | F27: =COUNTIF(Entrances!$D$4:$D$400,"*"""&A27&"""*")+COUNTIF(Locations!$G$4:$G$400,"*"""&A27&"""*")+COUNTIF('Named Rules'!$B$4:$B$400,"*"""&A27&"""*")
A28: Yellow Wings | B28: 0x5164000F | C28: useful | D28: 2 | E28: always | F28: =COUNTIF(Entrances!$D$4:$D$400,"*"""&A28&"""*")+COUNTIF(Locations!$G$4:$G$400,"*"""&A28&"""*")+COUNTIF('Named Rules'!$B$4:$B$400,"*"""&A28&"""*")
A29: Blue Wings | B29: 0x51640010 | C29: useful | D29: 2 | E29: always | F29: =COUNTIF(Entrances!$D$4:$D$400,"*"""&A29&"""*")+COUNTIF(Locations!$G$4:$G$400,"*"""&A29&"""*")+COUNTIF('Named Rules'!$B$4:$B$400,"*"""&A29&"""*")
A30: Green Wings | B30: 0x51640011 | C30: useful | D30: 2 | E30: always | F30: =COUNTIF(Entrances!$D$4:$D$400,"*"""&A30&"""*")+COUNTIF(Locations!$G$4:$G$400,"*"""&A30&"""*")+COUNTIF('Named Rules'!$B$4:$B$400,"*"""&A30&"""*")
A31: Red Wings | B31: 0x51640012 | C31: useful | D31: 2 | E31: always | F31: =COUNTIF(Entrances!$D$4:$D$400,"*"""&A31&"""*")+COUNTIF(Locations!$G$4:$G$400,"*"""&A31&"""*")+COUNTIF('Named Rules'!$B$4:$B$400,"*"""&A31&"""*")
A32: Black Wings | B32: 0x51640013 | C32: useful | D32: 2 | E32: always | F32: =COUNTIF(Entrances!$D$4:$D$400,"*"""&A32&"""*")+COUNTIF(Locations!$G$4:$G$400,"*"""&A32&"""*")+COUNTIF('Named Rules'!$B$4:$B$400,"*"""&A32&"""*")
A33: Earth Orb | B33: 0x51640014 | C33: progression | D33: 1 | E33: always | F33: =COUNTIF(Entrances!$D$4:$D$400,"*"""&A33&"""*")+COUNTIF(Locations!$G$4:$G$400,"*"""&A33&"""*")+COUNTIF('Named Rules'!$B$4:$B$400,"*"""&A33&"""*")
A34: Wind Jade | B34: 0x51640015 | C34: progression | D34: 1 | E34: always | F34: =COUNTIF(Entrances!$D$4:$D$400,"*"""&A34&"""*")+COUNTIF(Locations!$G$4:$G$400,"*"""&A34&"""*")+COUNTIF('Named Rules'!$B$4:$B$400,"*"""&A34&"""*")
A35: Water Jewel | B35: 0x51640016 | C35: progression | D35: 1 | E35: always | F35: =COUNTIF(Entrances!$D$4:$D$400,"*"""&A35&"""*")+COUNTIF(Locations!$G$4:$G$400,"*"""&A35&"""*")+COUNTIF('Named Rules'!$B$4:$B$400,"*"""&A35&"""*")
A36: Fire Ruby | B36: 0x51640017 | C36: progression | D36: 1 | E36: always | F36: =COUNTIF(Entrances!$D$4:$D$400,"*"""&A36&"""*")+COUNTIF(Locations!$G$4:$G$400,"*"""&A36&"""*")+COUNTIF('Named Rules'!$B$4:$B$400,"*"""&A36&"""*")
A37: Eletale's Book | B37: 0x51640018 | C37: progression | D37: 1 | E37: mammon_portal = vanilla | F37: =COUNTIF(Entrances!$D$4:$D$400,"*"""&A37&"""*")+COUNTIF(Locations!$G$4:$G$400,"*"""&A37&"""*")+COUNTIF('Named Rules'!$B$4:$B$400,"*"""&A37&"""*")
A38: Dark Gaol Key | B38: 0x51640019 | C38: progression | D38: 1 | E38: always | F38: =COUNTIF(Entrances!$D$4:$D$400,"*"""&A38&"""*")+COUNTIF(Locations!$G$4:$G$400,"*"""&A38&"""*")+COUNTIF('Named Rules'!$B$4:$B$400,"*"""&A38&"""*")

Sheet Options
A1: Options
A2: The yaml options, with the class name OptionFilter takes. The game's own settings (spells, palettes, enhancements) are left out: none of them touch the logic.
A3: Option | B3: Class | C3: Values | D3: Effect on logic | E3: Notes
A4: mammon_portal | B4: MammonPortal | C4: vanilla 0, all_bosses 1, all_monsters 2, both 3 | D4: What opens Mammon's World: ENDGAME_DOOR. Also makes the Book's Shannon a check and takes the Book out of the pool.
A5: boss_souls | B5: BossSouls | C5: off 0, bosses 1, with_mammon 2 | D5: Each boss's check needs his Soul; the gem gates open (the *_GATE rules).
A6: shuffle_orbs | B6: ShuffleOrbs | C6: off / on | D6: Off: the six gate items stay at their vanilla checks (locked in pre_fill). No rule changes.
A7: chestsanity | B7: Chestsanity | C7: off / on | D7: Whether chests are locations.
A8: giftsanity | B8: Giftsanity | C8: off / on | D8: Whether gift NPCs are locations.
A9: enemysanity | B9: Enemysanity | C9: off / on | D9: Whether each monster kind is a location.
A10: spiritsanity | B10: Spiritsanity | C10: off / on | D10: Whether spirits are locations; also makes one Level Up per spirit.
A11: extra_level_ups | B11: ExtraLevelUps | C11: 0 - 99 | D11: Extra Level Ups in the pool.
A12: wingsmith_wings | B12: WingsmithWings | C12: off / on | D12: A wingsmith also hands over his wings. No rule changes.
A13: shuffle_boss_order | B13: ShuffleBossOrder | C13: off / on | D13: The game's own setting. Not in the logic today, although it moves which boss stands where - worth a look if bosses get their own regions.
A14: goal | B14: Goal | C14: mammon 0 | D14: The only goal.
