Workbook

Sheet Logic
A1: Enemy randomizer: progression-aware placement (design)
A2: Quest 64 Recomp, 2026-09-20. Data on the Areas / Roster / Monsters tabs is the US ROM's, read out of the Merrow tables the randomizer already ships. Yellow cells are inputs; change them and the sheet recalculates.
A4: The problem
A5: Merrow's two enemy options are blind to difficulty. "Enemy tables" swaps whole monster tables between areas at random, so the Holy Plains can draw the Dindom Dries table (Red Wyvern, 550 HP, against a 50 HP Brian) while Brannoch Castle gets Were Hares. "Enemy composition" only rerolls packs inside an area's own table, so nothing actually changes hands. Neither touches stats, so a moved monster keeps its home numbers.
A7: The idea, in one line
A8: Give every area a tier (1-8, story order) and every monster a native tier (the tier of the area it comes from). An area of tier T draws its roster only from monsters whose native tier is within a chosen spread of T, and every placed monster has its stats rescaled toward the destination area's budget, so the shape of the monster (glass cannon, tank, fast) survives but its numbers match where it now lives. The budget never goes down from one area to the next, so the game always gets progressively harder regardless of what the seed placed where. Exp and stones follow the destination budget, so levelling pace is unchanged.
A10: Rules
A11: 1. Tiers (Areas tab, column C): T1 Holy Plains / Connor Forest, T2 Dondoran Flats / Glencoe Forest / West Carmaugh, T3 Cull Hazard / East Limelin, T4 Windward Forest / Blue Cave / Isle of Skye, T5 Baragoon Tunnel, T6 Dindom Dries / Boil Hole, T7 Baragoon Moor / Brannoch Castle, T8 Mammon's World. Editable.
A12: 2. Monster native tier = tier of its home area (first area it appears in, by progression). The Monsters tab also computes a Power score from stats and a Power tier from thresholds (Settings), so you can see where a monster really sits versus where the game puts it (e.g. Cockatrice is T2 by area but T3 by numbers).
A13: 3. Spread (Settings B4 down / B5 up). Default 7 / 7: any monster set can appear in any area, the scaling below is what balances it. Narrower spreads (e.g. 1 / 1) keep an area to sets whose monsters are within that many tiers of its own; 0 / 0 is a reshuffle within difficulty bands. Note the game\x27s monsters come in six fixed sets that are placed whole (see Implementation), so the window applies to sets, not single monsters.
A14: 4. Roster size stays the same. Each area keeps its vanilla number of distinct monsters (Areas column E), because the pack definitions reference table slots 0..N-1 and the packs' shapes (how many of each, min + extra) are kept as they are. The randomizer fills those slots from the allowed pool, no repeats within an area, and prefers monsters not already used by a neighbouring tier so the game does not become the same eight enemies everywhere.
A15: 5. Stat scaling (Settings B6). For a monster placed in area A: factor = AreaAvg(A, stat) / AreaAvg(home, stat); new = round(own * factor ^ k * guard(A)). k = 1.0 fits the monster fully to the new area, 0.5 meets halfway, 0 leaves stats alone (not recommended). EXP always uses k = 1. HP capped at 999, ATK/DEF/AGI at 255. See ScalingExample for a live worked example.
... A22: Everything it changes is ROM data the randomizer already writes at boot: the area's table index (map header), the pack member ids, and each monster's six stat halfwords (Monsters column S has the ROM address). No native hooks and no recompiled code. The one engine question to verify is whether a table can mix monsters from different world chunks (the Implementation tab explains).

Sheet Settings
A1: Settings (inputs)
A2: Yellow cells are the knobs the design refers to. Everything else on the other tabs is calculated from these and the game data.
A3: Setting | B3: Value | C3: What it does
A4: Spread down (tiers below) | B4: 7 | C4: An area may take monsters from this many tiers BELOW its own (easier monsters, scaled up). 7 = any tier (the default: placement is unrestricted, the scaling does the balancing). 0 = none.
A5: Spread up (tiers above) | B5: 1 | C5: An area may take monsters from this many tiers ABOVE its own (harder monsters, scaled down). 0 = none. 7 = anything (Merrow's behaviour).
A6: Scaling strength k | B6: 1 | C6: 0 = keep home stats, 0.5 = halfway to the destination area's average, 1 = full fit. EXP and the progression guard always use 1.
A7: Max fliers per area | B7: 99 | C7: Not enforced (any monster may appear anywhere); kept for reference. The ROM flags only Wyvern, Will-o\x27-Wisp and Pixie as flying.
A8: Dangerous: keep at native tier or above | B8: N | C8: Off by default: Cockatrice / Flamed Mane may appear anywhere, rescaled like everything else. Y pins them at or above their native tier.
A9: Bulk: DEF weight | B9: 25 | C9: Bulk = HP * (1 + DEF / this). Larger = DEF matters less.
A10: Threat: AGI weight | B10: 50 | C10: Threat = ATK * (1 + AGI / this). Larger = AGI matters less.
A12: Power tier thresholds | B12: Power at least | C12: Tier
A13: T2 from | B13: 30 | C13: 2
A14: T3 from | B14: 80 | C14: 3
A15: T4 from | B15: 100 | C15: 4
A16: T5 from | B16: 160 | C16: 5
A17: T6 from | B17: 250 | C17: 6
A18: T7 from | B18: 360 | C18: 7
A19: T8 from | B19: 450 | C19: 8
A20: Power = SQRT(Bulk * Threat). Vanilla tier averages under the eight tiers: T1 15, T2 48, T3 119, T4 111, T5 187, T6 329, T7 397, T8 504 (T3 and T4 overlap: East Limelin is tougher by numbers than Windward/Blue Cave). Adjust and watch Monsters column P.
A22: Stat caps | B22: Cap
A23: HP cap | B23: 999 | C23: Vanilla monsters stay under 999; Hard Mode raises Brian's caps to 999 too.
A24: ATK/DEF/AGI cap | B24: 255 | C24: Stored as bytes in the game's battle struct.

Sheet Areas
A1: Areas: progression order, tier, vanilla roster, averages and progression budget
A2: Tier (C) is an input. Averages (G-L) are over the area's vanilla roster (Roster tab). Budget (M) = MAX(own average power, previous budget), so it never falls; Guard (N) = budget / own average, the multiplier applied to everything placed here. Allowed tiers (O-P) follow the spread settings. Q counts how many monsters could be placed here under the current settings; E is how many the randomizer must place.
A3: Rank | B3: Area | C3: Tier | D3: Monster table | E3: Roster size | F3: Vanilla roster | G3: Avg HP | H3: Avg ATK | I3: Avg DEF | J3: Avg AGI | K3: Avg EXP | L3: Avg Power | M3: Progression budget | N3: Guard x | O3: Allowed tier min | P3: Allowed tier max | Q3: Candidate monsters | R3: Packs (vanilla: monster x always + extra) | S3: Notes
A4: 1 | B4: Holy Plains | C4: 1 | D4: 0 | E4: 7 | F4: WERE HARE, HELL HOUND, MAN EATER, BIG MOUTH, BUMBERSHOOT, PARASAULT, ORK JR | G4: =AVERAGEIFS(Roster!$D:$D,Roster!$A:$A,$B4) | H4: =AVERAGEIFS(Roster!$E:$E,Roster!$A:$A,$B4) | I4: =AVERAGEIFS(Roster!$F:$F,Roster!$A:$A,$B4) | J4: =AVERAGEIFS(Roster!$G:$G,Roster!$A:$A,$B4) | K4: =AVERAGEIFS(Roster!$H:$H,Roster!$A:$A,$B4) | L4: =AVERAGEIFS(Roster!$I:$I,Roster!$A:$A,$B4) | M4: =L4 | N4: =M4/L4 | O4: =MAX(1,C4-Settings!$B$4) | P4: =MIN(8,C4+Settings!$B$5) | Q4: =COUNTIFS(Monsters!$Q:$Q,"<="&C4,Monsters!$R:$R,">="&C4) | R4: [WERE HARE x1+2] [HELL HOUND x1+1] [BIG MOUTH x1+0] [HELL HOUND x3+1] [MAN EATER x2+1] [PARASAULT x1+0, BUMBERSHOOT x1+0] [BIG MOUTH x1+0, WERE HARE x2+1] [WERE HARE x1+1, MAN EATER x1+0] [ORK JR x1+0] | S4: Melrode / Dondoran start
A5: 2 | B5: Connor Forest | C5: 1 | D5: 1 | E5: 5 | F5: KOBOLD, MAN TRAP, BAT, FROG KNIGHT, MARIONASTY | G5: =AVERAGEIFS(Roster!$D:$D,Roster!$A:$A,$B5) | H5: =AVERAGEIFS(Roster!$E:$E,Roster!$A:$A,$B5) | I5: =AVERAGEIFS(Roster!$F:$F,Roster!$A:$A,$B5) | J5: =AVERAGEIFS(Roster!$G:$G,Roster!$A:$A,$B5) | K5: =AVERAGEIFS(Roster!$H:$H,Roster!$A:$A,$B5) | L5: =AVERAGEIFS(Roster!$I:$I,Roster!$A:$A,$B5) | M5: =MAX(L5,M4) | N5: =M5/L5 | O5: =MAX(1,C5-Settings!$B$4) | P5: =MIN(8,C5+Settings!$B$5) | Q5: =COUNTIFS(Monsters!$Q:$Q,"<="&C5,Monsters!$R:$R,">="&C5) | R5: [KOBOLD x1+2] [MAN TRAP x1+1] [BAT x3+3] [FROG KNIGHT x1+1] [MARIONASTY x1+1] [BAT x1+1, KOBOLD x1+0] [KOBOLD x1+0, MARIONASTY x1+0] [FROG KNIGHT x1+0, KOBOLD x1+0, MARIONASTY x1+0] [MAN TRAP x1+0, BAT x1+1] | S5: Solvaring
A6: 3 | B6: Dondoran Flats | C6: 2 | D6: 1 | E6: 7 | F6: GOBLIN, FROG KING, APOPHIS, MAD DOLL, DEATH HUGGER, FROG KNIGHT, COCKATRICE | G6: =AVERAGEIFS(Roster!$D:$D,Roster!$A:$A,$B6) | H6: =AVERAGEIFS(Roster!$E:$E,Roster!$A:$A,$B6) | I6: =AVERAGEIFS(Roster!$F:$F,Roster!$A:$A,$B6) | J6: =AVERAGEIFS(Roster!$G:$G,Roster!$A:$A,$B6) | K6: =AVERAGEIFS(Roster!$H:$H,Roster!$A:$A,$B6) | L6: =AVERAGEIFS(Roster!$I:$I,Roster!$A:$A,$B6) | M6: =MAX(L6,M5) | N6: =M6/L6 | O6: =MAX(1,C6-Settings!$B$4) | P6: =MIN(8,C6+Settings!$B$5) | Q6: =COUNTIFS(Monsters!$Q:$Q,"<="&C6,Monsters!$R:$R,">="&C6) | R6: [APOPHIS x1+1] [DEATH HUGGER x3+2] [MAD DOLL x1+1] [MAD DOLL x1+0, DEATH HUGGER x2+1] [GOBLIN x2+2] [GOBLIN x2+0, DEATH HUGGER x3+0] [FROG KING x1+0] [FROG KING x1+0, FROG KNIGHT x2+0] [GOBLIN x2+1, FROG KNIGHT x1+0] [COCKATRICE x1+1]
A7: 4 | B7: Glencoe Forest | C7: 2 | D7: 1 | E7: 4 | F7: DARK GOBLIN, HOT LIPS, GHOST STALKER, TREANT | G7: =AVERAGEIFS(Roster!$D:$D,Roster!$A:$A,$B7) | H7: =AVERAGEIFS(Roster!$E:$E,Roster!$A:$A,$B7) | I7: =AVERAGEIFS(Roster!$F:$F,Roster!$A:$A,$B7) | J7: =AVERAGEIFS(Roster!$G:$G,Roster!$A:$A,$B7) | K7: =AVERAGEIFS(Roster!$H:$H,Roster!$A:$A,$B7) | L7: =AVERAGEIFS(Roster!$I:$I,Roster!$A:$A,$B7) | M7: =MAX(L7,M6) | N7: =M7/L7 | O7: =MAX(1,C7-Settings!$B$4) | P7: =MIN(8,C7+Settings!$B$5) | Q7: =COUNTIFS(Monsters!$Q:$Q,"<="&C7,Monsters!$R:$R,">="&C7) | R7: [DARK GOBLIN x2+4] [HOT LIPS x1+1] [GHOST STALKER x2+2] [TREANT x1+1] [TREANT x1+0, GHOST STALKER x1+2] [DARK GOBLIN x2+1, GHOST STALKER x1+1]
A8: 5 | B8: West Carmaugh | C8: 2 | D8: 0 | E8: 7 | F8: WERE HARE, ORK JR, GREMLIN, SKELETON, GHOSTHOUND, MERROW, WOLF GOAT | G8: =AVERAGEIFS(Roster!$D:$D,Roster!$A:$A,$B8) | H8: =AVERAGEIFS(Roster!$E:$E,Roster!$A:$A,$B8) | I8: =AVERAGEIFS(Roster!$F:$F,Roster!$A:$A,$B8) | J8: =AVERAGEIFS(Roster!$G:$G,Roster!$A:$A,$B8) | K8: =AVERAGEIFS(Roster!$H:$H,Roster!$A:$A,$B8) | L8: =AVERAGEIFS(Roster!$I:$I,Roster!$A:$A,$B8) | M8: =MAX(L8,M7) | N8: =M8/L8 | O8: =MAX(1,C8-Settings!$B$4) | P8: =MIN(8,C8+Settings!$B$5) | Q8: =COUNTIFS(Monsters!$Q:$Q,"<="&C8,Monsters!$R:$R,">="&C8) | R8: [WERE HARE x3+2] [ORK JR x1+2] [GREMLIN x2+2] [SKELETON x1+2] [GHOSTHOUND x1+2] [MERROW x2+2] [WOLF GOAT x1+2] [WERE HARE x2+1, ORK JR x1+1] [GREMLIN x1+1, ORK JR x1+2] [WOLF GOAT x1+0, ORK JR x1+1] [WOLF GOAT x1+0, GHOSTHOUND x1+1] [WERE HARE x1+0, MERROW x1+0, ORK JR x1+0] [GHOSTHOUND x1+1, SKELETON x1+1] | S8: after Larapool
A9: 6 | B9: Cull Hazard | C9: 3 | D9: 2 | E9: 5 | F9: MIMIC, SCARE CROW, WYVERN, SKELEBAT, BLOOD JELL | G9: =AVERAGEIFS(Roster!$D:$D,Roster!$A:$A,$B9) | H9: =AVERAGEIFS(Roster!$E:$E,Roster!$A:$A,$B9) | I9: =AVERAGEIFS(Roster!$F:$F,Roster!$A:$A,$B9) | J9: =AVERAGEIFS(Roster!$G:$G,Roster!$A:$A,$B9) | K9: =AVERAGEIFS(Roster!$H:$H,Roster!$A:$A,$B9) | L9: =AVERAGEIFS(Roster!$I:$I,Roster!$A:$A,$B9) | M9: =MAX(L9,M8) | N9: =M9/L9 | O9: =MAX(1,C9-Settings!$B$4) | P9: =MIN(8,C9+Settings!$B$5) | Q9: =COUNTIFS(Monsters!$Q:$Q,"<="&C9,Monsters!$R:$R,">="&C9) | R9: [BLOOD JELL x2+2] [MIMIC x1+0] [SCARE CROW x1+1] [WYVERN x1+0] [SKELEBAT x1+1] [BLOOD JELL x1+1, SCARE CROW x1+1] [WYVERN x1+0, SKELEBAT x2+0] [BLOOD JELL x1+1, SKELEBAT x1+1, SCARE CROW x1+0]
A10: 7 | B10: East Limelin | C10: 3 | D10: 2 | E10: 6 | F10: SCARE CROW, WYVERN, CRYSHELL, BLOOD JELL, CATERPILLAR, FISH MAN | G10: =AVERAGEIFS(Roster!$D:$D,Roster!$A:$A,$B10) | H10: =AVERAGEIFS(Roster!$E:$E,Roster!$A:$A,$B10) | I10: =AVERAGEIFS(Roster!$F:$F,Roster!$A:$A,$B10) | J10: =AVERAGEIFS(Roster!$G:$G,Roster!$A:$A,$B10) | K10: =AVERAGEIFS(Roster!$H:$H,Roster!$A:$A,$B10) | L10: =AVERAGEIFS(Roster!$I:$I,Roster!$A:$A,$B10) | M10: =MAX(L10,M9) | N10: =M10/L10 | O10: =MAX(1,C10-Settings!$B$4) | P10: =MIN(8,C10+Settings!$B$5) | Q10: =COUNTIFS(Monsters!$Q:$Q,"<="&C10,Monsters!$R:$R,">="&C10) | R10: [CRYSHELL x1+2] [BLOOD JELL x2+4] [CATERPILLAR x2+3] [FISH MAN x1+3] [SCARE CROW x1+2] [WYVERN x1+1] [SCARE CROW x1+0, BLOOD JELL x1+1] [WYVERN x1+0, BLOOD JELL x1+1] [CRYSHELL x1+0, WYVERN x1+0] [FISH MAN x2+0, CRYSHELL x1+0] [FISH MAN x1+1, CRYSHELL x1+0, SCARE CROW x1+0] | S10: Normoon side; by vanilla numbers it is tougher than the T4 areas, the progression guard covers this
A11: 8 | B11: Windward Forest | C11: 4 | D11: 4 | E11: 7 | F11: ORK, JACK-O'-LANTERN, ARACHNOID, LAMIA, TEMPTRESS, THUNDER JELL, TERMANT | G11: =AVERAGEIFS(Roster!$D:$D,Roster!$A:$A,$B11) | H11: =AVERAGEIFS(Roster!$E:$E,Roster!$A:$A,$B11) | I11: =AVERAGEIFS(Roster!$F:$F,Roster!$A:$A,$B11) | J11: =AVERAGEIFS(Roster!$G:$G,Roster!$A:$A,$B11) | K11: =AVERAGEIFS(Roster!$H:$H,Roster!$A:$A,$B11) | L11: =AVERAGEIFS(Roster!$I:$I,Roster!$A:$A,$B11) | M11: =MAX(L11,M10) | N11: =M11/L11 | O11: =MAX(1,C11-Settings!$B$4) | P11: =MIN(8,C11+Settings!$B$5) | Q11: =COUNTIFS(Monsters!$Q:$Q,"<="&C11,Monsters!$R:$R,">="&C11) | R11: [JACK-O'-LANTERN x1+3] [ARACHNOID x2+3] [LAMIA x1+1] [TEMPTRESS x2+2] [THUNDER JELL x3+3] [TERMANT x3+3] [TERMANT x2+1, ARACHNOID x1+2] [JACK-O'-LANTERN x1+1, TEMPTRESS x2+1] [THUNDER JELL x1+0, TERMANT x1+1, ARACHNOID x1+0, TEMPTRESS x1+0] [ORK x1+1] [ORK x1+0, JACK-O'-LANTERN x1+0] | S11: Zelse
A12: 9 | B12: Blue Cave | C12: 4 | D12: 2 | E12: 7 | F12: MULTI OPTICS, MIMIC, CRAWLER, SCORPION, SCARE CROW, SKELEBAT, BLOOD JELL | G12: =AVERAGEIFS(Roster!$D:$D,Roster!$A:$A,$B12) | H12: =AVERAGEIFS(Roster!$E:$E,Roster!$A:$A,$B12) | I12: =AVERAGEIFS(Roster!$F:$F,Roster!$A:$A,$B12) | J12: =AVERAGEIFS(Roster!$G:$G,Roster!$A:$A,$B12) | K12: =AVERAGEIFS(Roster!$H:$H,Roster!$A:$A,$B12) | L12: =AVERAGEIFS(Roster!$I:$I,Roster!$A:$A,$B12) | M12: =MAX(L12,M11) | N12: =M12/L12 | O12: =MAX(1,C12-Settings!$B$4) | P12: =MIN(8,C12+Settings!$B$5) | Q12: =COUNTIFS(Monsters!$Q:$Q,"<="&C12,Monsters!$R:$R,">="&C12) | R12: [MULTI OPTICS x2+2] [MIMIC x1+0] [CRAWLER x2+2] [SCORPION x2+2] [SKELEBAT x2+2] [BLOOD JELL x1+2] [CRAWLER x1+1, SCORPION x2+1] [MULTI OPTICS x1+1, CRAWLER x1+1] [MULTI OPTICS x2+1, BLOOD JELL x1+0] [SCARE CROW x1+0] | S12: Nepty
A13: 10 | B13: Isle of Skye | C13: 4 | D13: 4 | E13: 4 | F13: PIXIE, GRANGACH, THUNDER JELL, TERMANT | G13: =AVERAGEIFS(Roster!$D:$D,Roster!$A:$A,$B13) | H13: =AVERAGEIFS(Roster!$E:$E,Roster!$A:$A,$B13) | I13: =AVERAGEIFS(Roster!$F:$F,Roster!$A:$A,$B13) | J13: =AVERAGEIFS(Roster!$G:$G,Roster!$A:$A,$B13) | K13: =AVERAGEIFS(Roster!$H:$H,Roster!$A:$A,$B13) | L13: =AVERAGEIFS(Roster!$I:$I,Roster!$A:$A,$B13) | M13: =MAX(L13,M12) | N13: =M13/L13 | O13: =MAX(1,C13-Settings!$B$4) | P13: =MIN(8,C13+Settings!$B$5) | Q13: =COUNTIFS(Monsters!$Q:$Q,"<="&C13,Monsters!$R:$R,">="&C13) | R13: [GRANGACH x1+2] [PIXIE x1+2] [THUNDER JELL x2+1] [TERMANT x2+1] [THUNDER JELL x1+0, GRANGACH x1+0, TERMANT x1+0] [PIXIE x1+0, THUNDER JELL x1+0, TERMANT x1+1]
A14: 11 | B14: Baragoon Tunnel | C14: 5 | D14: 4 | E14: 4 | F14: GHOST, WILL-O'-WISP, SPRITE, TERMANT | G14: =AVERAGEIFS(Roster!$D:$D,Roster!$A:$A,$B14) | H14: =AVERAGEIFS(Roster!$E:$E,Roster!$A:$A,$B14) | I14: =AVERAGEIFS(Roster!$F:$F,Roster!$A:$A,$B14) | J14: =AVERAGEIFS(Roster!$G:$G,Roster!$A:$A,$B14) | K14: =AVERAGEIFS(Roster!$H:$H,Roster!$A:$A,$B14) | L14: =AVERAGEIFS(Roster!$I:$I,Roster!$A:$A,$B14) | M14: =MAX(L14,M13) | N14: =M14/L14 | O14: =MAX(1,C14-Settings!$B$4) | P14: =MIN(8,C14+Settings!$B$5) | Q14: =COUNTIFS(Monsters!$Q:$Q,"<="&C14,Monsters!$R:$R,">="&C14) | R14: [TERMANT x1+2] [GHOST x1+2] [SPRITE x2+1] [WILL-O'-WISP x1+2] [GHOST x1+0, WILL-O'-WISP x1+2] [SPRITE x1+1, WILL-O'-WISP x1+1] [TERMANT x1+1, GHOST x1+0] [WILL-O'-WISP x1+1, SPRITE x1+1]
A15: 12 | B15: Dindom Dries | C15: 6 | D15: 3 | E15: 5 | F15: SANDMAN, WERE CAT, NIGHTMARE, BLUE MAN, MAGMA FISH | G15: =AVERAGEIFS(Roster!$D:$D,Roster!$A:$A,$B15) | H15: =AVERAGEIFS(Roster!$E:$E,Roster!$A:$A,$B15) | I15: =AVERAGEIFS(Roster!$F:$F,Roster!$A:$A,$B15) | J15: =AVERAGEIFS(Roster!$G:$G,Roster!$A:$A,$B15) | K15: =AVERAGEIFS(Roster!$H:$H,Roster!$A:$A,$B15) | L15: =AVERAGEIFS(Roster!$I:$I,Roster!$A:$A,$B15) | M15: =MAX(L15,M14) | N15: =M15/L15 | O15: =MAX(1,C15-Settings!$B$4) | P15: =MIN(8,C15+Settings!$B$5) | Q15: =COUNTIFS(Monsters!$Q:$Q,"<="&C15,Monsters!$R:$R,">="&C15) | R15: [SANDMAN x2+1] [BLUE MAN x1+1] [BLUE MAN x3+1] [MAGMA FISH x2+3] [WERE CAT x1+2] [NIGHTMARE x1+4] [WERE CAT x1+1, NIGHTMARE x1+2] [SANDMAN x1+0, BLUE MAN x1+2] [NIGHTMARE x1+2, BLUE MAN x1+2] [BLUE MAN x1+0, MAGMA FISH x1+0] [MAGMA FISH x1+1, NIGHTMARE x1+1] | S15: Shamwood side
A16: 13 | B16: Boil Hole | C16: 6 | D16: 3 | E16: 5 | F16: NIGHTMARE, ROCKY, RED WYVERN, FLAMED MANE, MAGMA FISH | G16: =AVERAGEIFS(Roster!$D:$D,Roster!$A:$A,$B16) | H16: =AVERAGEIFS(Roster!$E:$E,Roster!$A:$A,$B16) | I16: =AVERAGEIFS(Roster!$F:$F,Roster!$A:$A,$B16) | J16: =AVERAGEIFS(Roster!$G:$G,Roster!$A:$A,$B16) | K16: =AVERAGEIFS(Roster!$H:$H,Roster!$A:$A,$B16) | L16: =AVERAGEIFS(Roster!$I:$I,Roster!$A:$A,$B16) | M16: =MAX(L16,M15) | N16: =M16/L16 | O16: =MAX(1,C16-Settings!$B$4) | P16: =MIN(8,C16+Settings!$B$5) | Q16: =COUNTIFS(Monsters!$Q:$Q,"<="&C16,Monsters!$R:$R,">="&C16) | R16: [NIGHTMARE x2+2] [ROCKY x1+1] [RED WYVERN x1+0] [FLAMED MANE x1+0] [MAGMA FISH x2+2] [NIGHTMARE x1+1, MAGMA FISH x1+1] [RED WYVERN x1+0, MAGMA FISH x1+1] [FLAMED MANE x1+0, MAGMA FISH x1+1] [ROCKY x1+1, FLAMED MANE x1+0] | S16: Fargo
A17: 14 | B17: Baragoon Moor | C17: 7 | D17: 3 | E17: 7 | F17: WINGED SUNFISH, GLOOM WING, OGRE, ROCKY, RED WYVERN, RED ROSE KNIGHT, WHITE ROSE KNIGHT | G17: =AVERAGEIFS(Roster!$D:$D,Roster!$A:$A,$B17) | H17: =AVERAGEIFS(Roster!$E:$E,Roster!$A:$A,$B17) | I17: =AVERAGEIFS(Roster!$F:$F,Roster!$A:$A,$B17) | J17: =AVERAGEIFS(Roster!$G:$G,Roster!$A:$A,$B17) | K17: =AVERAGEIFS(Roster!$H:$H,Roster!$A:$A,$B17) | L17: =AVERAGEIFS(Roster!$I:$I,Roster!$A:$A,$B17) | M17: =MAX(L17,M16) | N17: =M17/L17 | O17: =MAX(1,C17-Settings!$B$4) | P17: =MIN(8,C17+Settings!$B$5) | Q17: =COUNTIFS(Monsters!$Q:$Q,"<="&C17,Monsters!$R:$R,">="&C17) | R17: [GLOOM WING x2+2] [OGRE x1+0] [ROCKY x2+2] [RED WYVERN x1+0] [RED ROSE KNIGHT x2+1] [WHITE ROSE KNIGHT x2+1] [OGRE x1+0, GLOOM WING x1+1] [RED ROSE KNIGHT x1+1, WHITE ROSE KNIGHT x1+1] [WINGED SUNFISH x2+1, GLOOM WING x1+1] [OGRE x1+0, ROCKY x1+1] | S17: Shilf; submaps 1-2 share one roster
A18: 15 | B18: Brannoch Castle | C18: 7 | D18: 3 | E18: 2 | F18: RED ROSE KNIGHT, WHITE ROSE KNIGHT | G18: =AVERAGEIFS(Roster!$D:$D,Roster!$A:$A,$B18) | H18: =AVERAGEIFS(Roster!$E:$E,Roster!$A:$A,$B18) | I18: =AVERAGEIFS(Roster!$F:$F,Roster!$A:$A,$B18) | J18: =AVERAGEIFS(Roster!$G:$G,Roster!$A:$A,$B18) | K18: =AVERAGEIFS(Roster!$H:$H,Roster!$A:$A,$B18) | L18: =AVERAGEIFS(Roster!$I:$I,Roster!$A:$A,$B18) | M18: =MAX(L18,M17) | N18: =M18/L18 | O18: =MAX(1,C18-Settings!$B$4) | P18: =MIN(8,C18+Settings!$B$5) | Q18: =COUNTIFS(Monsters!$Q:$Q,"<="&C18,Monsters!$R:$R,">="&C18) | R18: [RED ROSE KNIGHT x1+2] [WHITE ROSE KNIGHT x1+2] [RED ROSE KNIGHT x1+0, WHITE ROSE KNIGHT x1+1] | S18: Guilty, Beigis; submaps 1-6 share one roster
A19: 16 | B19: Mammon's World | C19: 8 | D19: 5 | E19: 4 | F19: JUDGMENT, PALE RIDER, PIN HEAD, SPRIGGAN | G19: =AVERAGEIFS(Roster!$D:$D,Roster!$A:$A,$B19) | H19: =AVERAGEIFS(Roster!$E:$E,Roster!$A:$A,$B19) | I19: =AVERAGEIFS(Roster!$F:$F,Roster!$A:$A,$B19) | J19: =AVERAGEIFS(Roster!$G:$G,Roster!$A:$A,$B19) | K19: =AVERAGEIFS(Roster!$H:$H,Roster!$A:$A,$B19) | L19: =AVERAGEIFS(Roster!$I:$I,Roster!$A:$A,$B19) | M19: =MAX(L19,M18) | N19: =M19/L19 | O19: =MAX(1,C19-Settings!$B$4) | P19: =MIN(8,C19+Settings!$B$5) | Q19: =COUNTIFS(Monsters!$Q:$Q,"<="&C19,Monsters!$R:$R,">="&C19) | R19: [JUDGMENT x2+1] [PALE RIDER x2+1] [PIN HEAD x1+3] [SPRIGGAN x1+1] [JUDGMENT x1+0, PIN HEAD x1+1] | S19: submaps 1-6 share one roster

Sheet Roster
A1: Roster: one row per (area, monster) in the vanilla game
A2: Stats are looked up from the Monsters tab. This is the membership the Areas averages are built on, and the shape a randomized roster would be written back into (slot = position in the area's monster table).
A3: Area | B3: Monster | C3: Table slot | D3: HP | E3: ATK | F3: DEF | G3: AGI | H3: EXP | I3: Power | J3: Native tier | K3: Area tier | L3: Tier gap
A4: Holy Plains | B4: WERE HARE | C4: 0 | D4: =INDEX(Monsters!$E:$E,MATCH($B4,Monsters!$B:$B,0)) | E4: =INDEX(Monsters!$F:$F,MATCH($B4,Monsters!$B:$B,0)) | F4: =INDEX(Monsters!$G:$G,MATCH($B4,Monsters!$B:$B,0)) | G4: =INDEX(Monsters!$H:$H,MATCH($B4,Monsters!$B:$B,0)) | H4: =INDEX(Monsters!$I:$I,MATCH($B4,Monsters!$B:$B,0)) | I4: =INDEX(Monsters!$O:$O,MATCH($B4,Monsters!$B:$B,0)) | J4: =INDEX(Monsters!$D:$D,MATCH($B4,Monsters!$B:$B,0)) | K4: =INDEX(Areas!$C:$C,MATCH($A4,Areas!$B:$B,0)) | L4: =K4-J4
A5: Holy Plains | B5: HELL HOUND | C5: 1 | D5: =INDEX(Monsters!$E:$E,MATCH($B5,Monsters!$B:$B,0)) | E5: =INDEX(Monsters!$F:$F,MATCH($B5,Monsters!$B:$B,0)) | F5: =INDEX(Monsters!$G:$G,MATCH($B5,Monsters!$B:$B,0)) | G5: =INDEX(Monsters!$H:$H,MATCH($B5,Monsters!$B:$B,0)) | H5: =INDEX(Monsters!$I:$I,MATCH($B5,Monsters!$B:$B,0)) | I5: =INDEX(Monsters!$O:$O,MATCH($B5,Monsters!$B:$B,0)) | J5: =INDEX(Monsters!$D:$D,MATCH($B5,Monsters!$B:$B,0)) | K5: =INDEX(Areas!$C:$C,MATCH($A5,Areas!$B:$B,0)) | L5: =K5-J5
A6: Holy Plains | B6: MAN EATER | C6: 2 | D6: =INDEX(Monsters!$E:$E,MATCH($B6,Monsters!$B:$B,0)) | E6: =INDEX(Monsters!$F:$F,MATCH($B6,Monsters!$B:$B,0)) | F6: =INDEX(Monsters!$G:$G,MATCH($B6,Monsters!$B:$B,0)) | G6: =INDEX(Monsters!$H:$H,MATCH($B6,Monsters!$B:$B,0)) | H6: =INDEX(Monsters!$I:$I,MATCH($B6,Monsters!$B:$B,0)) | I6: =INDEX(Monsters!$O:$O,MATCH($B6,Monsters!$B:$B,0)) | J6: =INDEX(Monsters!$D:$D,MATCH($B6,Monsters!$B:$B,0)) | K6: =INDEX(Areas!$C:$C,MATCH($A6,Areas!$B:$B,0)) | L6: =K6-J6
A7: Holy Plains | B7: BIG MOUTH | C7: 3 | D7: =INDEX(Monsters!$E:$E,MATCH($B7,Monsters!$B:$B,0)) | E7: =INDEX(Monsters!$F:$F,MATCH($B7,Monsters!$B:$B,0)) | F7: =INDEX(Monsters!$G:$G,MATCH($B7,Monsters!$B:$B,0)) | G7: =INDEX(Monsters!$H:$H,MATCH($B7,Monsters!$B:$B,0)) | H7: =INDEX(Monsters!$I:$I,MATCH($B7,Monsters!$B:$B,0)) | I7: =INDEX(Monsters!$O:$O,MATCH($B7,Monsters!$B:$B,0)) | J7: =INDEX(Monsters!$D:$D,MATCH($B7,Monsters!$B:$B,0)) | K7: =INDEX(Areas!$C:$C,MATCH($A7,Areas!$B:$B,0)) | L7: =K7-J7
A8: Holy Plains | B8: BUMBERSHOOT | C8: 4 | D8: =INDEX(Monsters!$E:$E,MATCH($B8,Monsters!$B:$B,0)) | E8: =INDEX(Monsters!$F:$F,MATCH($B8,Monsters!$B:$B,0)) | F8: =INDEX(Monsters!$G:$G,MATCH($B8,Monsters!$B:$B,0)) | G8: =INDEX(Monsters!$H:$H,MATCH($B8,Monsters!$B:$B,0)) | H8: =INDEX(Monsters!$I:$I,MATCH($B8,Monsters!$B:$B,0)) | I8: =INDEX(Monsters!$O:$O,MATCH($B8,Monsters!$B:$B,0)) | J8: =INDEX(Monsters!$D:$D,MATCH($B8,Monsters!$B:$B,0)) | K8: =INDEX(Areas!$C:$C,MATCH($A8,Areas!$B:$B,0)) | L8: =K8-J8
A9: Holy Plains | B9: PARASAULT | C9: 5 | D9: =INDEX(Monsters!$E:$E,MATCH($B9,Monsters!$B:$B,0)) | E9: =INDEX(Monsters!$F:$F,MATCH($B9,Monsters!$B:$B,0)) | F9: =INDEX(Monsters!$G:$G,MATCH($B9,Monsters!$B:$B,0)) | G9: =INDEX(Monsters!$H:$H,MATCH($B9,Monsters!$B:$B,0)) | H9: =INDEX(Monsters!$I:$I,MATCH($B9,Monsters!$B:$B,0)) | I9: =INDEX(Monsters!$O:$O,MATCH($B9,Monsters!$B:$B,0)) | J9: =INDEX(Monsters!$D:$D,MATCH($B9,Monsters!$B:$B,0)) | K9: =INDEX(Areas!$C:$C,MATCH($A9,Areas!$B:$B,0)) | L9: =K9-J9
A10: Holy Plains | B10: ORK JR | C10: 6 | D10: =INDEX(Monsters!$E:$E,MATCH($B10,Monsters!$B:$B,0)) | E10: =INDEX(Monsters!$F:$F,MATCH($B10,Monsters!$B:$B,0)) | F10: =INDEX(Monsters!$G:$G,MATCH($B10,Monsters!$B:$B,0)) | G10: =INDEX(Monsters!$H:$H,MATCH($B10,Monsters!$B:$B,0)) | H10: =INDEX(Monsters!$I:$I,MATCH($B10,Monsters!$B:$B,0)) | I10: =INDEX(Monsters!$O:$O,MATCH($B10,Monsters!$B:$B,0)) | J10: =INDEX(Monsters!$D:$D,MATCH($B10,Monsters!$B:$B,0)) | K10: =INDEX(Areas!$C:$C,MATCH($A10,Areas!$B:$B,0)) | L10: =K10-J10
A11: Connor Forest | B11: KOBOLD | C11: 5 | D11: =INDEX(Monsters!$E:$E,MATCH($B11,Monsters!$B:$B,0)) | E11: =INDEX(Monsters!$F:$F,MATCH($B11,Monsters!$B:$B,0)) | F11: =INDEX(Monsters!$G:$G,MATCH($B11,Monsters!$B:$B,0)) | G11: =INDEX(Monsters!$H:$H,MATCH($B11,Monsters!$B:$B,0)) | H11: =INDEX(Monsters!$I:$I,MATCH($B11,Monsters!$B:$B,0)) | I11: =INDEX(Monsters!$O:$O,MATCH($B11,Monsters!$B:$B,0)) | J11: =INDEX(Monsters!$D:$D,MATCH($B11,Monsters!$B:$B,0)) | K11: =INDEX(Areas!$C:$C,MATCH($A11,Areas!$B:$B,0)) | L11: =K11-J11
A12: Connor Forest | B12: MAN TRAP | C12: 6 | D12: =INDEX(Monsters!$E:$E,MATCH($B12,Monsters!$B:$B,0)) | E12: =INDEX(Monsters!$F:$F,MATCH($B12,Monsters!$B:$B,0)) | F12: =INDEX(Monsters!$G:$G,MATCH($B12,Monsters!$B:$B,0)) | G12: =INDEX(Monsters!$H:$H,MATCH($B12,Monsters!$B:$B,0)) | H12: =INDEX(Monsters!$I:$I,MATCH($B12,Monsters!$B:$B,0)) | I12: =INDEX(Monsters!$O:$O,MATCH($B12,Monsters!$B:$B,0)) | J12: =INDEX(Monsters!$D:$D,MATCH($B12,Monsters!$B:$B,0)) | K12: =INDEX(Areas!$C:$C,MATCH($A12,Areas!$B:$B,0)) | L12: =K12-J12
A13: Connor Forest | B13: BAT | C13: 7 | D13: =INDEX(Monsters!$E:$E,MATCH($B13,Monsters!$B:$B,0)) | E13: =INDEX(Monsters!$F:$F,MATCH($B13,Monsters!$B:$B,0)) | F13: =INDEX(Monsters!$G:$G,MATCH($B13,Monsters!$B:$B,0)) | G13: =INDEX(Monsters!$H:$H,MATCH($B13,Monsters!$B:$B,0)) | H13: =INDEX(Monsters!$I:$I,MATCH($B13,Monsters!$B:$B,0)) | I13: =INDEX(Monsters!$O:$O,MATCH($B13,Monsters!$B:$B,0)) | J13: =INDEX(Monsters!$D:$D,MATCH($B13,Monsters!$B:$B,0)) | K13: =INDEX(Areas!$C:$C,MATCH($A13,Areas!$B:$B,0)) | L13: =K13-J13
A14: Connor Forest | B14: FROG KNIGHT | C14: 8 | D14: =INDEX(Monsters!$E:$E,MATCH($B14,Monsters!$B:$B,0)) | E14: =INDEX(Monsters!$F:$F,MATCH($B14,Monsters!$B:$B,0)) | F14: =INDEX(Monsters!$G:$G,MATCH($B14,Monsters!$B:$B,0)) | G14: =INDEX(Monsters!$H:$H,MATCH($B14,Monsters!$B:$B,0)) | H14: =INDEX(Monsters!$I:$I,MATCH($B14,Monsters!$B:$B,0)) | I14: =INDEX(Monsters!$O:$O,MATCH($B14,Monsters!$B:$B,0)) | J14: =INDEX(Monsters!$D:$D,MATCH($B14,Monsters!$B:$B,0)) | K14: =INDEX(Areas!$C:$C,MATCH($A14,Areas!$B:$B,0)) | L14: =K14-J14
A15: Connor Forest | B15: MARIONASTY | C15: 9 | D15: =INDEX(Monsters!$E:$E,MATCH($B15,Monsters!$B:$B,0)) | E15: =INDEX(Monsters!$F:$F,MATCH($B15,Monsters!$B:$B,0)) | F15: =INDEX(Monsters!$G:$G,MATCH($B15,Monsters!$B:$B,0)) | G15: =INDEX(Monsters!$H:$H,MATCH($B15,Monsters!$B:$B,0)) | H15: =INDEX(Monsters!$I:$I,MATCH($B15,Monsters!$B:$B,0)) | I15: =INDEX(Monsters!$O:$O,MATCH($B15,Monsters!$B:$B,0)) | J15: =INDEX(Monsters!$D:$D,MATCH($B15,Monsters!$B:$B,0)) | K15: =INDEX(Areas!$C:$C,MATCH($A15,Areas!$B:$B,0)) | L15: =K15-J15
... A89: Mammon's World | B89: SPRIGGAN | C89: 3 | D89: =INDEX(Monsters!$E:$E,MATCH($B89,Monsters!$B:$B,0)) | E89: =INDEX(Monsters!$F:$F,MATCH($B89,Monsters!$B:$B,0)) | F89: =INDEX(Monsters!$G:$G,MATCH($B89,Monsters!$B:$B,0)) | G89: =INDEX(Monsters!$H:$H,MATCH($B89,Monsters!$B:$B,0)) | H89: =INDEX(Monsters!$I:$I,MATCH($B89,Monsters!$B:$B,0)) | I89: =INDEX(Monsters!$O:$O,MATCH($B89,Monsters!$B:$B,0)) | J89: =INDEX(Monsters!$D:$D,MATCH($B89,Monsters!$B:$B,0)) | K89: =INDEX(Areas!$C:$C,MATCH($A89,Areas!$B:$B,0)) | L89: =K89-J89

Sheet Monsters
A1: Monsters: vanilla stats, home area, computed power and placement window
A2: Stats are the ROM's (HP, ATK, DEF, AGI, EXP; Drop is the item drop slot). Native tier comes from the home area's tier on the Areas tab. Flying is the ROM's own flag (only Wyvern, Will-o'-Wisp and Pixie carry it), not a visual judgement. Power/Power tier use the Settings weights and thresholds. Q-R are the area tiers this monster may be placed in under the current spread (Q uses spread-up: a monster may go to areas up to that many tiers below it; R uses spread-down); dangerous monsters are pinned at or above their native tier. S is where the six stat halfwords live in the ROM. Bosses (ids 67+) are not listed: they are not part of this.
A3: Id | B3: Monster | C3: Home area | D3: Native tier | E3: HP | F3: ATK | G3: DEF | H3: AGI | I3: EXP | J3: Drop | K3: Flying | L3: Dangerous | M3: Bulk | N3: Threat | O3: Power | P3: Power tier | Q3: Placeable from tier | R3: Placeable to tier | S3: Stat ROM address
A4: 0 | B4: WERE HARE | C4: Holy Plains | D4: =IFERROR(INDEX(Areas!$C:$C,MATCH($C4,Areas!$B:$B,0)),"") | E4: 9 | F4: 3 | G4: 1 | H4: 5 | I4: 2 | J4: 3 | K4: N | L4: N | M4: =E4*(1+G4/Settings!$B$9) | N4: =F4*(1+H4/Settings!$B$10) | O4: =ROUND(SQRT(M4*N4),1) | P4: =1+COUNTIF(Settings!$B$13:$B$19,"<="&O4) | Q4: =IF(AND(L4="Y",Settings!$B$8="Y"),D4,MAX(1,D4-Settings!$B$5)) | R4: =MIN(8,D4+Settings!$B$4) | S4: ADC094
A5: 1 | B5: HELL HOUND | C5: Holy Plains | D5: =IFERROR(INDEX(Areas!$C:$C,MATCH($C5,Areas!$B:$B,0)),"") | E5: 10 | F5: 3 | G5: 2 | H5: 8 | I5: 3 | J5: 0 | K5: N | L5: N | M5: =E5*(1+G5/Settings!$B$9) | N5: =F5*(1+H5/Settings!$B$10) | O5: =ROUND(SQRT(M5*N5),1) | P5: =1+COUNTIF(Settings!$B$13:$B$19,"<="&O5) | Q5: =IF(AND(L5="Y",Settings!$B$8="Y"),D5,MAX(1,D5-Settings!$B$5)) | R5: =MIN(8,D5+Settings!$B$4) | S5: ADC0CC
A6: 2 | B6: MAN EATER | C6: Holy Plains | D6: =IFERROR(INDEX(Areas!$C:$C,MATCH($C6,Areas!$B:$B,0)),"") | E6: 24 | F6: 5 | G6: 4 | H6: 6 | I6: 4 | J6: 1 | K6: N | L6: N | M6: =E6*(1+G6/Settings!$B$9) | N6: =F6*(1+H6/Settings!$B$10) | O6: =ROUND(SQRT(M6*N6),1) | P6: =1+COUNTIF(Settings!$B$13:$B$19,"<="&O6) | Q6: =IF(AND(L6="Y",Settings!$B$8="Y"),D6,MAX(1,D6-Settings!$B$5)) | R6: =MIN(8,D6+Settings!$B$4) | S6: ADC104
A7: 3 | B7: BIG MOUTH | C7: Holy Plains | D7: =IFERROR(INDEX(Areas!$C:$C,MATCH($C7,Areas!$B:$B,0)),"") | E7: 28 | F7: 2 | G7: 2 | H7: 4 | I7: 4 | J7: 2 | K7: N | L7: N | M7: =E7*(1+G7/Settings!$B$9) | N7: =F7*(1+H7/Settings!$B$10) | O7: =ROUND(SQRT(M7*N7),1) | P7: =1+COUNTIF(Settings!$B$13:$B$19,"<="&O7) | Q7: =IF(AND(L7="Y",Settings!$B$8="Y"),D7,MAX(1,D7-Settings!$B$5)) | R7: =MIN(8,D7+Settings!$B$4) | S7: ADC13C
A8: 4 | B8: BUMBERSHOOT | C8: Holy Plains | D8: =IFERROR(INDEX(Areas!$C:$C,MATCH($C8,Areas!$B:$B,0)),"") | E8: 9 | F8: 3 | G8: 2 | H8: 6 | I8: 3 | J8: 0 | K8: N | L8: N | M8: =E8*(1+G8/Settings!$B$9) | N8: =F8*(1+H8/Settings!$B$10) | O8: =ROUND(SQRT(M8*N8),1) | P8: =1+COUNTIF(Settings!$B$13:$B$19,"<="&O8) | Q8: =IF(AND(L8="Y",Settings!$B$8="Y"),D8,MAX(1,D8-Settings!$B$5)) | R8: =MIN(8,D8+Settings!$B$4) | S8: ADC174
A9: 5 | B9: PARASAULT | C9: Holy Plains | D9: =IFERROR(INDEX(Areas!$C:$C,MATCH($C9,Areas!$B:$B,0)),"") | E9: 13 | F9: 2 | G9: 2 | H9: 6 | I9: 3 | J9: 2 | K9: N | L9: N | M9: =E9*(1+G9/Settings!$B$9) | N9: =F9*(1+H9/Settings!$B$10) | O9: =ROUND(SQRT(M9*N9),1) | P9: =1+COUNTIF(Settings!$B$13:$B$19,"<="&O9) | Q9: =IF(AND(L9="Y",Settings!$B$8="Y"),D9,MAX(1,D9-Settings!$B$5)) | R9: =MIN(8,D9+Settings!$B$4) | S9: ADC1AC
A10: 6 | B10: ORK JR | C10: Holy Plains | D10: =IFERROR(INDEX(Areas!$C:$C,MATCH($C10,Areas!$B:$B,0)),"") | E10: 63 | F10: 12 | G10: 14 | H10: 16 | I10: 22 | J10: 1 | K10: N | L10: N | M10: =E10*(1+G10/Settings!$B$9) | N10: =F10*(1+H10/Settings!$B$10) | O10: =ROUND(SQRT(M10*N10),1) | P10: =1+COUNTIF(Settings!$B$13:$B$19,"<="&O10) | Q10: =IF(AND(L10="Y",Settings!$B$8="Y"),D10,MAX(1,D10-Settings!$B$5)) | R10: =MIN(8,D10+Settings!$B$4) | S10: ADC1E4
A11: 7 | B11: GREMLIN | C11: West Carmaugh | D11: =IFERROR(INDEX(Areas!$C:$C,MATCH($C11,Areas!$B:$B,0)),"") | E11: 83 | F11: 13 | G11: 15 | H11: 46 | I11: 24 | J11: 3 | K11: N | L11: N | M11: =E11*(1+G11/Settings!$B$9) | N11: =F11*(1+H11/Settings!$B$10) | O11: =ROUND(SQRT(M11*N11),1) | P11: =1+COUNTIF(Settings!$B$13:$B$19,"<="&O11) | Q11: =IF(AND(L11="Y",Settings!$B$8="Y"),D11,MAX(1,D11-Settings!$B$5)) | R11: =MIN(8,D11+Settings!$B$4) | S11: ADC21C
A12: 8 | B12: SKELETON | C12: West Carmaugh | D12: =IFERROR(INDEX(Areas!$C:$C,MATCH($C12,Areas!$B:$B,0)),"") | E12: 80 | F12: 12 | G12: 20 | H12: 40 | I12: 32 | J12: 0 | K12: N | L12: N | M12: =E12*(1+G12/Settings!$B$9) | N12: =F12*(1+H12/Settings!$B$10) | O12: =ROUND(SQRT(M12*N12),1) | P12: =1+COUNTIF(Settings!$B$13:$B$19,"<="&O12) | Q12: =IF(AND(L12="Y",Settings!$B$8="Y"),D12,MAX(1,D12-Settings!$B$5)) | R12: =MIN(8,D12+Settings!$B$4) | S12: ADC254
A13: 9 | B13: GHOSTHOUND | C13: West Carmaugh | D13: =IFERROR(INDEX(Areas!$C:$C,MATCH($C13,Areas!$B:$B,0)),"") | E13: 99 | F13: 12 | G13: 16 | H13: 43 | I13: 25 | J13: 3 | K13: N | L13: N | M13: =E13*(1+G13/Settings!$B$9) | N13: =F13*(1+H13/Settings!$B$10) | O13: =ROUND(SQRT(M13*N13),1) | P13: =1+COUNTIF(Settings!$B$13:$B$19,"<="&O13) | Q13: =IF(AND(L13="Y",Settings!$B$8="Y"),D13,MAX(1,D13-Settings!$B$5)) | R13: =MIN(8,D13+Settings!$B$4) | S13: ADC28C
A14: 10 | B14: MERROW | C14: West Carmaugh | D14: =IFERROR(INDEX(Areas!$C:$C,MATCH($C14,Areas!$B:$B,0)),"") | E14: 77 | F14: 12 | G14: 14 | H14: 36 | I14: 24 | J14: 2 | K14: N | L14: N | M14: =E14*(1+G14/Settings!$B$9) | N14: =F14*(1+H14/Settings!$B$10) | O14: =ROUND(SQRT(M14*N14),1) | P14: =1+COUNTIF(Settings!$B$13:$B$19,"<="&O14) | Q14: =IF(AND(L14="Y",Settings!$B$8="Y"),D14,MAX(1,D14-Settings!$B$5)) | R14: =MIN(8,D14+Settings!$B$4) | S14: ADC2C4
A15: 11 | B15: WOLF GOAT | C15: West Carmaugh | D15: =IFERROR(INDEX(Areas!$C:$C,MATCH($C15,Areas!$B:$B,0)),"") | E15: 95 | F15: 14 | G15: 17 | H15: 39 | I15: 36 | J15: 1 | K15: N | L15: N | M15: =E15*(1+G15/Settings!$B$9) | N15: =F15*(1+H15/Settings!$B$10) | O15: =ROUND(SQRT(M15*N15),1) | P15: =1+COUNTIF(Settings!$B$13:$B$19,"<="&O15) | Q15: =IF(AND(L15="Y",Settings!$B$8="Y"),D15,MAX(1,D15-Settings!$B$5)) | R15: =MIN(8,D15+Settings!$B$4) | S15: ADC2FC
... A70: 66 | B70: SPRIGGAN | C70: Mammon's World | D70: =IFERROR(INDEX(Areas!$C:$C,MATCH($C70,Areas!$B:$B,0)),"") | E70: 462 | F70: 46 | G70: 62 | H70: 110 | I70: 820 | J70: 2 | K70: N | L70: N | M70: =E70*(1+G70/Settings!$B$9) | N70: =F70*(1+H70/Settings!$B$10) | O70: =ROUND(SQRT(M70*N70),1) | P70: =1+COUNTIF(Settings!$B$13:$B$19,"<="&O70) | Q70: =IF(AND(L70="Y",Settings!$B$8="Y"),D70,MAX(1,D70-Settings!$B$5)) | R70: =MIN(8,D70+Settings!$B$4) | S70: CC44E4

Sheet ScalingExample
A1: Scaling example: one monster dropped into one area
A2: Pick a monster and a destination area (yellow). The table shows its home stats, the two areas' vanilla averages, the factor between them, the destination's progression guard, and the rescaled stats under Settings!B6. The grid below previews the same monster in every area.
A3: Monster | B3: RED WYVERN
A4: Destination area | B4: Holy Plains
A5: Home area | B5: =INDEX(Monsters!$C:$C,MATCH($B$3,Monsters!$B:$B,0))
A6: Home tier | B6: =INDEX(Monsters!$D:$D,MATCH($B$3,Monsters!$B:$B,0)) | C6: Destination tier | D6: =INDEX(Areas!$C:$C,MATCH($B$4,Areas!$B:$B,0))
A7: Within allowed spread? | B7: =IF(AND(D6>=INDEX(Monsters!$Q:$Q,MATCH($B$3,Monsters!$B:$B,0)),D6<=INDEX(Monsters!$R:$R,MATCH($B$3,Monsters!$B:$B,0))),"yes","no (outside spread)")
A8: Destination guard x | B8: =INDEX(Areas!$N:$N,MATCH($B$4,Areas!$B:$B,0))
A9: Stat | B9: Own (home) | C9: Home area avg | D9: Destination avg | E9: Factor | F9: k used | G9: Scaled (with guard) | H9: Cap
A10: HP | B10: =INDEX(Monsters!$E:$E,MATCH($B$3,Monsters!$B:$B,0)) | C10: =INDEX(Areas!$G:$G,MATCH($B$5,Areas!$B:$B,0)) | D10: =INDEX(Areas!$G:$G,MATCH($B$4,Areas!$B:$B,0)) | E10: =D10/C10 | F10: =Settings!$B$6 | G10: =MIN(H10,ROUND(B10*E10^F10*$B$8,0)) | H10: =Settings!$B$23
A11: ATK | B11: =INDEX(Monsters!$F:$F,MATCH($B$3,Monsters!$B:$B,0)) | C11: =INDEX(Areas!$H:$H,MATCH($B$5,Areas!$B:$B,0)) | D11: =INDEX(Areas!$H:$H,MATCH($B$4,Areas!$B:$B,0)) | E11: =D11/C11 | F11: =Settings!$B$6 | G11: =MIN(H11,ROUND(B11*E11^F11*$B$8,0)) | H11: =Settings!$B$24
A12: DEF | B12: =INDEX(Monsters!$G:$G,MATCH($B$3,Monsters!$B:$B,0)) | C12: =INDEX(Areas!$I:$I,MATCH($B$5,Areas!$B:$B,0)) | D12: =INDEX(Areas!$I:$I,MATCH($B$4,Areas!$B:$B,0)) | E12: =D12/C12 | F12: =Settings!$B$6 | G12: =MIN(H12,ROUND(B12*E12^F12*$B$8,0)) | H12: =Settings!$B$24
A13: AGI | B13: =INDEX(Monsters!$H:$H,MATCH($B$3,Monsters!$B:$B,0)) | C13: =INDEX(Areas!$J:$J,MATCH($B$5,Areas!$B:$B,0)) | D13: =INDEX(Areas!$J:$J,MATCH($B$4,Areas!$B:$B,0)) | E13: =D13/C13 | F13: =Settings!$B$6 | G13: =MIN(H13,ROUND(B13*E13^F13*$B$8,0)) | H13: =Settings!$B$24
A14: EXP | B14: =INDEX(Monsters!$I:$I,MATCH($B$3,Monsters!$B:$B,0)) | C14: =INDEX(Areas!$K:$K,MATCH($B$5,Areas!$B:$B,0)) | D14: =INDEX(Areas!$K:$K,MATCH($B$4,Areas!$B:$B,0)) | E14: =D14/C14 | F14: =1 | G14: =MIN(H14,ROUND(B14*E14^F14*$B$8,0)) | H14: =99999
A16: Preview: the chosen monster in every area (guard included)
A17: Area | B17: Tier | C17: HP | D17: ATK | E17: DEF | F17: AGI | G17: EXP | H17: Allowed?
A18: Holy Plains | B18: =INDEX(Areas!$C:$C,MATCH($A18,Areas!$B:$B,0)) | C18: =MIN(Settings!$B$23,ROUND(INDEX(Monsters!$E:$E,MATCH($B$3,Monsters!$B:$B,0))*(INDEX(Areas!$G:$G,MATCH($A18,Areas!$B:$B,0))/INDEX(Areas!$G:$G,MATCH($B$5,Areas!$B:$B,0)))^Settings!$B$6*INDEX(Areas!$N:$N,MATCH($A18,Areas!$B:$B,0)),0)) | D18: =MIN(Settings!$B$24,ROUND(INDEX(Monsters!$F:$F,MATCH($B$3,Monsters!$B:$B,0))*(INDEX(Areas!$H:$H,MATCH($A18,Areas!$B:$B,0))/INDEX(Areas!$H:$H,MATCH($B$5,Areas!$B:$B,0)))^Settings!$B$6*INDEX(Areas!$N:$N,MATCH($A18,Areas!$B:$B,0)),0)) | E18: =MIN(Settings!$B$24,ROUND(INDEX(Monsters!$G:$G,MATCH($B$3,Monsters!$B:$B,0))*(INDEX(Areas!$I:$I,MATCH($A18,Areas!$B:$B,0))/INDEX(Areas!$I:$I,MATCH($B$5,Areas!$B:$B,0)))^Settings!$B$6*INDEX(Areas!$N:$N,MATCH($A18,Areas!$B:$B,0)),0)) | F18: =MIN(Settings!$B$24,ROUND(INDEX(Monsters!$H:$H,MATCH($B$3,Monsters!$B:$B,0))*(INDEX(Areas!$J:$J,MATCH($A18,Areas!$B:$B,0))/INDEX(Areas!$J:$J,MATCH($B$5,Areas!$B:$B,0)))^Settings!$B$6*INDEX(Areas!$N:$N,MATCH($A18,Areas!$B:$B,0)),0)) | G18: =MIN(99999,ROUND(INDEX(Monsters!$I:$I,MATCH($B$3,Monsters!$B:$B,0))*(INDEX(Areas!$K:$K,MATCH($A18,Areas!$B:$B,0))/INDEX(Areas!$K:$K,MATCH($B$5,Areas!$B:$B,0)))^1*INDEX(Areas!$N:$N,MATCH($A18,Areas!$B:$B,0)),0)) | H18: =IF(AND(B18>=INDEX(Monsters!$Q:$Q,MATCH($B$3,Monsters!$B:$B,0)),B18<=INDEX(Monsters!$R:$R,MATCH($B$3,Monsters!$B:$B,0))),"yes","no")
A19: Connor Forest | B19: =INDEX(Areas!$C:$C,MATCH($A19,Areas!$B:$B,0)) | C19: =MIN(Settings!$B$23,ROUND(INDEX(Monsters!$E:$E,MATCH($B$3,Monsters!$B:$B,0))*(INDEX(Areas!$G:$G,MATCH($A19,Areas!$B:$B,0))/INDEX(Areas!$G:$G,MATCH($B$5,Areas!$B:$B,0)))^Settings!$B$6*INDEX(Areas!$N:$N,MATCH($A19,Areas!$B:$B,0)),0)) | D19: =MIN(Settings!$B$24,ROUND(INDEX(Monsters!$F:$F,MATCH($B$3,Monsters!$B:$B,0))*(INDEX(Areas!$H:$H,MATCH($A19,Areas!$B:$B,0))/INDEX(Areas!$H:$H,MATCH($B$5,Areas!$B:$B,0)))^Settings!$B$6*INDEX(Areas!$N:$N,MATCH($A19,Areas!$B:$B,0)),0)) | E19: =MIN(Settings!$B$24,ROUND(INDEX(Monsters!$G:$G,MATCH($B$3,Monsters!$B:$B,0))*(INDEX(Areas!$I:$I,MATCH($A19,Areas!$B:$B,0))/INDEX(Areas!$I:$I,MATCH($B$5,Areas!$B:$B,0)))^Settings!$B$6*INDEX(Areas!$N:$N,MATCH($A19,Areas!$B:$B,0)),0)) | F19: =MIN(Settings!$B$24,ROUND(INDEX(Monsters!$H:$H,MATCH($B$3,Monsters!$B:$B,0))*(INDEX(Areas!$J:$J,MATCH($A19,Areas!$B:$B,0))/INDEX(Areas!$J:$J,MATCH($B$5,Areas!$B:$B,0)))^Settings!$B$6*INDEX(Areas!$N:$N,MATCH($A19,Areas!$B:$B,0)),0)) | G19: =MIN(99999,ROUND(INDEX(Monsters!$I:$I,MATCH($B$3,Monsters!$B:$B,0))*(INDEX(Areas!$K:$K,MATCH($A19,Areas!$B:$B,0))/INDEX(Areas!$K:$K,MATCH($B$5,Areas!$B:$B,0)))^1*INDEX(Areas!$N:$N,MATCH($A19,Areas!$B:$B,0)),0)) | H19: =IF(AND(B19>=INDEX(Monsters!$Q:$Q,MATCH($B$3,Monsters!$B:$B,0)),B19<=INDEX(Monsters!$R:$R,MATCH($B$3,Monsters!$B:$B,0))),"yes","no")
A20: Dondoran Flats | B20: =INDEX(Areas!$C:$C,MATCH($A20,Areas!$B:$B,0)) | C20: =MIN(Settings!$B$23,ROUND(INDEX(Monsters!$E:$E,MATCH($B$3,Monsters!$B:$B,0))*(INDEX(Areas!$G:$G,MATCH($A20,Areas!$B:$B,0))/INDEX(Areas!$G:$G,MATCH($B$5,Areas!$B:$B,0)))^Settings!$B$6*INDEX(Areas!$N:$N,MATCH($A20,Areas!$B:$B,0)),0)) | D20: =MIN(Settings!$B$24,ROUND(INDEX(Monsters!$F:$F,MATCH($B$3,Monsters!$B:$B,0))*(INDEX(Areas!$H:$H,MATCH($A20,Areas!$B:$B,0))/INDEX(Areas!$H:$H,MATCH($B$5,Areas!$B:$B,0)))^Settings!$B$6*INDEX(Areas!$N:$N,MATCH($A20,Areas!$B:$B,0)),0)) | E20: =MIN(Settings!$B$24,ROUND(INDEX(Monsters!$G:$G,MATCH($B$3,Monsters!$B:$B,0))*(INDEX(Areas!$I:$I,MATCH($A20,Areas!$B:$B,0))/INDEX(Areas!$I:$I,MATCH($B$5,Areas!$B:$B,0)))^Settings!$B$6*INDEX(Areas!$N:$N,MATCH($A20,Areas!$B:$B,0)),0)) | F20: =MIN(Settings!$B$24,ROUND(INDEX(Monsters!$H:$H,MATCH($B$3,Monsters!$B:$B,0))*(INDEX(Areas!$J:$J,MATCH($A20,Areas!$B:$B,0))/INDEX(Areas!$J:$J,MATCH($B$5,Areas!$B:$B,0)))^Settings!$B$6*INDEX(Areas!$N:$N,MATCH($A20,Areas!$B:$B,0)),0)) | G20: =MIN(99999,ROUND(INDEX(Monsters!$I:$I,MATCH($B$3,Monsters!$B:$B,0))*(INDEX(Areas!$K:$K,MATCH($A20,Areas!$B:$B,0))/INDEX(Areas!$K:$K,MATCH($B$5,Areas!$B:$B,0)))^1*INDEX(Areas!$N:$N,MATCH($A20,Areas!$B:$B,0)),0)) | H20: =IF(AND(B20>=INDEX(Monsters!$Q:$Q,MATCH($B$3,Monsters!$B:$B,0)),B20<=INDEX(Monsters!$R:$R,MATCH($B$3,Monsters!$B:$B,0))),"yes","no")
A21: Glencoe Forest | B21: =INDEX(Areas!$C:$C,MATCH($A21,Areas!$B:$B,0)) | C21: =MIN(Settings!$B$23,ROUND(INDEX(Monsters!$E:$E,MATCH($B$3,Monsters!$B:$B,0))*(INDEX(Areas!$G:$G,MATCH($A21,Areas!$B:$B,0))/INDEX(Areas!$G:$G,MATCH($B$5,Areas!$B:$B,0)))^Settings!$B$6*INDEX(Areas!$N:$N,MATCH($A21,Areas!$B:$B,0)),0)) | D21: =MIN(Settings!$B$24,ROUND(INDEX(Monsters!$F:$F,MATCH($B$3,Monsters!$B:$B,0))*(INDEX(Areas!$H:$H,MATCH($A21,Areas!$B:$B,0))/INDEX(Areas!$H:$H,MATCH($B$5,Areas!$B:$B,0)))^Settings!$B$6*INDEX(Areas!$N:$N,MATCH($A21,Areas!$B:$B,0)),0)) | E21: =MIN(Settings!$B$24,ROUND(INDEX(Monsters!$G:$G,MATCH($B$3,Monsters!$B:$B,0))*(INDEX(Areas!$I:$I,MATCH($A21,Areas!$B:$B,0))/INDEX(Areas!$I:$I,MATCH($B$5,Areas!$B:$B,0)))^Settings!$B$6*INDEX(Areas!$N:$N,MATCH($A21,Areas!$B:$B,0)),0)) | F21: =MIN(Settings!$B$24,ROUND(INDEX(Monsters!$H:$H,MATCH($B$3,Monsters!$B:$B,0))*(INDEX(Areas!$J:$J,MATCH($A21,Areas!$B:$B,0))/INDEX(Areas!$J:$J,MATCH($B$5,Areas!$B:$B,0)))^Settings!$B$6*INDEX(Areas!$N:$N,MATCH($A21,Areas!$B:$B,0)),0)) | G21: =MIN(99999,ROUND(INDEX(Monsters!$I:$I,MATCH($B$3,Monsters!$B:$B,0))*(INDEX(Areas!$K:$K,MATCH($A21,Areas!$B:$B,0))/INDEX(Areas!$K:$K,MATCH($B$5,Areas!$B:$B,0)))^1*INDEX(Areas!$N:$N,MATCH($A21,Areas!$B:$B,0)),0)) | H21: =IF(AND(B21>=INDEX(Monsters!$Q:$Q,MATCH($B$3,Monsters!$B:$B,0)),B21<=INDEX(Monsters!$R:$R,MATCH($B$3,Monsters!$B:$B,0))),"yes","no")
A22: West Carmaugh | B22: =INDEX(Areas!$C:$C,MATCH($A22,Areas!$B:$B,0)) | C22: =MIN(Settings!$B$23,ROUND(INDEX(Monsters!$E:$E,MATCH($B$3,Monsters!$B:$B,0))*(INDEX(Areas!$G:$G,MATCH($A22,Areas!$B:$B,0))/INDEX(Areas!$G:$G,MATCH($B$5,Areas!$B:$B,0)))^Settings!$B$6*INDEX(Areas!$N:$N,MATCH($A22,Areas!$B:$B,0)),0)) | D22: =MIN(Settings!$B$24,ROUND(INDEX(Monsters!$F:$F,MATCH($B$3,Monsters!$B:$B,0))*(INDEX(Areas!$H:$H,MATCH($A22,Areas!$B:$B,0))/INDEX(Areas!$H:$H,MATCH($B$5,Areas!$B:$B,0)))^Settings!$B$6*INDEX(Areas!$N:$N,MATCH($A22,Areas!$B:$B,0)),0)) | E22: =MIN(Settings!$B$24,ROUND(INDEX(Monsters!$G:$G,MATCH($B$3,Monsters!$B:$B,0))*(INDEX(Areas!$I:$I,MATCH($A22,Areas!$B:$B,0))/INDEX(Areas!$I:$I,MATCH($B$5,Areas!$B:$B,0)))^Settings!$B$6*INDEX(Areas!$N:$N,MATCH($A22,Areas!$B:$B,0)),0)) | F22: =MIN(Settings!$B$24,ROUND(INDEX(Monsters!$H:$H,MATCH($B$3,Monsters!$B:$B,0))*(INDEX(Areas!$J:$J,MATCH($A22,Areas!$B:$B,0))/INDEX(Areas!$J:$J,MATCH($B$5,Areas!$B:$B,0)))^Settings!$B$6*INDEX(Areas!$N:$N,MATCH($A22,Areas!$B:$B,0)),0)) | G22: =MIN(99999,ROUND(INDEX(Monsters!$I:$I,MATCH($B$3,Monsters!$B:$B,0))*(INDEX(Areas!$K:$K,MATCH($A22,Areas!$B:$B,0))/INDEX(Areas!$K:$K,MATCH($B$5,Areas!$B:$B,0)))^1*INDEX(Areas!$N:$N,MATCH($A22,Areas!$B:$B,0)),0)) | H22: =IF(AND(B22>=INDEX(Monsters!$Q:$Q,MATCH($B$3,Monsters!$B:$B,0)),B22<=INDEX(Monsters!$R:$R,MATCH($B$3,Monsters!$B:$B,0))),"yes","no")
A23: Cull Hazard | B23: =INDEX(Areas!$C:$C,MATCH($A23,Areas!$B:$B,0)) | C23: =MIN(Settings!$B$23,ROUND(INDEX(Monsters!$E:$E,MATCH($B$3,Monsters!$B:$B,0))*(INDEX(Areas!$G:$G,MATCH($A23,Areas!$B:$B,0))/INDEX(Areas!$G:$G,MATCH($B$5,Areas!$B:$B,0)))^Settings!$B$6*INDEX(Areas!$N:$N,MATCH($A23,Areas!$B:$B,0)),0)) | D23: =MIN(Settings!$B$24,ROUND(INDEX(Monsters!$F:$F,MATCH($B$3,Monsters!$B:$B,0))*(INDEX(Areas!$H:$H,MATCH($A23,Areas!$B:$B,0))/INDEX(Areas!$H:$H,MATCH($B$5,Areas!$B:$B,0)))^Settings!$B$6*INDEX(Areas!$N:$N,MATCH($A23,Areas!$B:$B,0)),0)) | E23: =MIN(Settings!$B$24,ROUND(INDEX(Monsters!$G:$G,MATCH($B$3,Monsters!$B:$B,0))*(INDEX(Areas!$I:$I,MATCH($A23,Areas!$B:$B,0))/INDEX(Areas!$I:$I,MATCH($B$5,Areas!$B:$B,0)))^Settings!$B$6*INDEX(Areas!$N:$N,MATCH($A23,Areas!$B:$B,0)),0)) | F23: =MIN(Settings!$B$24,ROUND(INDEX(Monsters!$H:$H,MATCH($B$3,Monsters!$B:$B,0))*(INDEX(Areas!$J:$J,MATCH($A23,Areas!$B:$B,0))/INDEX(Areas!$J:$J,MATCH($B$5,Areas!$B:$B,0)))^Settings!$B$6*INDEX(Areas!$N:$N,MATCH($A23,Areas!$B:$B,0)),0)) | G23: =MIN(99999,ROUND(INDEX(Monsters!$I:$I,MATCH($B$3,Monsters!$B:$B,0))*(INDEX(Areas!$K:$K,MATCH($A23,Areas!$B:$B,0))/INDEX(Areas!$K:$K,MATCH($B$5,Areas!$B:$B,0)))^1*INDEX(Areas!$N:$N,MATCH($A23,Areas!$B:$B,0)),0)) | H23: =IF(AND(B23>=INDEX(Monsters!$Q:$Q,MATCH($B$3,Monsters!$B:$B,0)),B23<=INDEX(Monsters!$R:$R,MATCH($B$3,Monsters!$B:$B,0))),"yes","no")
A24: East Limelin | B24: =INDEX(Areas!$C:$C,MATCH($A24,Areas!$B:$B,0)) | C24: =MIN(Settings!$B$23,ROUND(INDEX(Monsters!$E:$E,MATCH($B$3,Monsters!$B:$B,0))*(INDEX(Areas!$G:$G,MATCH($A24,Areas!$B:$B,0))/INDEX(Areas!$G:$G,MATCH($B$5,Areas!$B:$B,0)))^Settings!$B$6*INDEX(Areas!$N:$N,MATCH($A24,Areas!$B:$B,0)),0)) | D24: =MIN(Settings!$B$24,ROUND(INDEX(Monsters!$F:$F,MATCH($B$3,Monsters!$B:$B,0))*(INDEX(Areas!$H:$H,MATCH($A24,Areas!$B:$B,0))/INDEX(Areas!$H:$H,MATCH($B$5,Areas!$B:$B,0)))^Settings!$B$6*INDEX(Areas!$N:$N,MATCH($A24,Areas!$B:$B,0)),0)) | E24: =MIN(Settings!$B$24,ROUND(INDEX(Monsters!$G:$G,MATCH($B$3,Monsters!$B:$B,0))*(INDEX(Areas!$I:$I,MATCH($A24,Areas!$B:$B,0))/INDEX(Areas!$I:$I,MATCH($B$5,Areas!$B:$B,0)))^Settings!$B$6*INDEX(Areas!$N:$N,MATCH($A24,Areas!$B:$B,0)),0)) | F24: =MIN(Settings!$B$24,ROUND(INDEX(Monsters!$H:$H,MATCH($B$3,Monsters!$B:$B,0))*(INDEX(Areas!$J:$J,MATCH($A24,Areas!$B:$B,0))/INDEX(Areas!$J:$J,MATCH($B$5,Areas!$B:$B,0)))^Settings!$B$6*INDEX(Areas!$N:$N,MATCH($A24,Areas!$B:$B,0)),0)) | G24: =MIN(99999,ROUND(INDEX(Monsters!$I:$I,MATCH($B$3,Monsters!$B:$B,0))*(INDEX(Areas!$K:$K,MATCH($A24,Areas!$B:$B,0))/INDEX(Areas!$K:$K,MATCH($B$5,Areas!$B:$B,0)))^1*INDEX(Areas!$N:$N,MATCH($A24,Areas!$B:$B,0)),0)) | H24: =IF(AND(B24>=INDEX(Monsters!$Q:$Q,MATCH($B$3,Monsters!$B:$B,0)),B24<=INDEX(Monsters!$R:$R,MATCH($B$3,Monsters!$B:$B,0))),"yes","no")
A25: Windward Forest | B25: =INDEX(Areas!$C:$C,MATCH($A25,Areas!$B:$B,0)) | C25: =MIN(Settings!$B$23,ROUND(INDEX(Monsters!$E:$E,MATCH($B$3,Monsters!$B:$B,0))*(INDEX(Areas!$G:$G,MATCH($A25,Areas!$B:$B,0))/INDEX(Areas!$G:$G,MATCH($B$5,Areas!$B:$B,0)))^Settings!$B$6*INDEX(Areas!$N:$N,MATCH($A25,Areas!$B:$B,0)),0)) | D25: =MIN(Settings!$B$24,ROUND(INDEX(Monsters!$F:$F,MATCH($B$3,Monsters!$B:$B,0))*(INDEX(Areas!$H:$H,MATCH($A25,Areas!$B:$B,0))/INDEX(Areas!$H:$H,MATCH($B$5,Areas!$B:$B,0)))^Settings!$B$6*INDEX(Areas!$N:$N,MATCH($A25,Areas!$B:$B,0)),0)) | E25: =MIN(Settings!$B$24,ROUND(INDEX(Monsters!$G:$G,MATCH($B$3,Monsters!$B:$B,0))*(INDEX(Areas!$I:$I,MATCH($A25,Areas!$B:$B,0))/INDEX(Areas!$I:$I,MATCH($B$5,Areas!$B:$B,0)))^Settings!$B$6*INDEX(Areas!$N:$N,MATCH($A25,Areas!$B:$B,0)),0)) | F25: =MIN(Settings!$B$24,ROUND(INDEX(Monsters!$H:$H,MATCH($B$3,Monsters!$B:$B,0))*(INDEX(Areas!$J:$J,MATCH($A25,Areas!$B:$B,0))/INDEX(Areas!$J:$J,MATCH($B$5,Areas!$B:$B,0)))^Settings!$B$6*INDEX(Areas!$N:$N,MATCH($A25,Areas!$B:$B,0)),0)) | G25: =MIN(99999,ROUND(INDEX(Monsters!$I:$I,MATCH($B$3,Monsters!$B:$B,0))*(INDEX(Areas!$K:$K,MATCH($A25,Areas!$B:$B,0))/INDEX(Areas!$K:$K,MATCH($B$5,Areas!$B:$B,0)))^1*INDEX(Areas!$N:$N,MATCH($A25,Areas!$B:$B,0)),0)) | H25: =IF(AND(B25>=INDEX(Monsters!$Q:$Q,MATCH($B$3,Monsters!$B:$B,0)),B25<=INDEX(Monsters!$R:$R,MATCH($B$3,Monsters!$B:$B,0))),"yes","no")
A26: Blue Cave | B26: =INDEX(Areas!$C:$C,MATCH($A26,Areas!$B:$B,0)) | C26: =MIN(Settings!$B$23,ROUND(INDEX(Monsters!$E:$E,MATCH($B$3,Monsters!$B:$B,0))*(INDEX(Areas!$G:$G,MATCH($A26,Areas!$B:$B,0))/INDEX(Areas!$G:$G,MATCH($B$5,Areas!$B:$B,0)))^Settings!$B$6*INDEX(Areas!$N:$N,MATCH($A26,Areas!$B:$B,0)),0)) | D26: =MIN(Settings!$B$24,ROUND(INDEX(Monsters!$F:$F,MATCH($B$3,Monsters!$B:$B,0))*(INDEX(Areas!$H:$H,MATCH($A26,Areas!$B:$B,0))/INDEX(Areas!$H:$H,MATCH($B$5,Areas!$B:$B,0)))^Settings!$B$6*INDEX(Areas!$N:$N,MATCH($A26,Areas!$B:$B,0)),0)) | E26: =MIN(Settings!$B$24,ROUND(INDEX(Monsters!$G:$G,MATCH($B$3,Monsters!$B:$B,0))*(INDEX(Areas!$I:$I,MATCH($A26,Areas!$B:$B,0))/INDEX(Areas!$I:$I,MATCH($B$5,Areas!$B:$B,0)))^Settings!$B$6*INDEX(Areas!$N:$N,MATCH($A26,Areas!$B:$B,0)),0)) | F26: =MIN(Settings!$B$24,ROUND(INDEX(Monsters!$H:$H,MATCH($B$3,Monsters!$B:$B,0))*(INDEX(Areas!$J:$J,MATCH($A26,Areas!$B:$B,0))/INDEX(Areas!$J:$J,MATCH($B$5,Areas!$B:$B,0)))^Settings!$B$6*INDEX(Areas!$N:$N,MATCH($A26,Areas!$B:$B,0)),0)) | G26: =MIN(99999,ROUND(INDEX(Monsters!$I:$I,MATCH($B$3,Monsters!$B:$B,0))*(INDEX(Areas!$K:$K,MATCH($A26,Areas!$B:$B,0))/INDEX(Areas!$K:$K,MATCH($B$5,Areas!$B:$B,0)))^1*INDEX(Areas!$N:$N,MATCH($A26,Areas!$B:$B,0)),0)) | H26: =IF(AND(B26>=INDEX(Monsters!$Q:$Q,MATCH($B$3,Monsters!$B:$B,0)),B26<=INDEX(Monsters!$R:$R,MATCH($B$3,Monsters!$B:$B,0))),"yes","no")
A27: Isle of Skye | B27: =INDEX(Areas!$C:$C,MATCH($A27,Areas!$B:$B,0)) | C27: =MIN(Settings!$B$23,ROUND(INDEX(Monsters!$E:$E,MATCH($B$3,Monsters!$B:$B,0))*(INDEX(Areas!$G:$G,MATCH($A27,Areas!$B:$B,0))/INDEX(Areas!$G:$G,MATCH($B$5,Areas!$B:$B,0)))^Settings!$B$6*INDEX(Areas!$N:$N,MATCH($A27,Areas!$B:$B,0)),0)) | D27: =MIN(Settings!$B$24,ROUND(INDEX(Monsters!$F:$F,MATCH($B$3,Monsters!$B:$B,0))*(INDEX(Areas!$H:$H,MATCH($A27,Areas!$B:$B,0))/INDEX(Areas!$H:$H,MATCH($B$5,Areas!$B:$B,0)))^Settings!$B$6*INDEX(Areas!$N:$N,MATCH($A27,Areas!$B:$B,0)),0)) | E27: =MIN(Settings!$B$24,ROUND(INDEX(Monsters!$G:$G,MATCH($B$3,Monsters!$B:$B,0))*(INDEX(Areas!$I:$I,MATCH($A27,Areas!$B:$B,0))/INDEX(Areas!$I:$I,MATCH($B$5,Areas!$B:$B,0)))^Settings!$B$6*INDEX(Areas!$N:$N,MATCH($A27,Areas!$B:$B,0)),0)) | F27: =MIN(Settings!$B$24,ROUND(INDEX(Monsters!$H:$H,MATCH($B$3,Monsters!$B:$B,0))*(INDEX(Areas!$J:$J,MATCH($A27,Areas!$B:$B,0))/INDEX(Areas!$J:$J,MATCH($B$5,Areas!$B:$B,0)))^Settings!$B$6*INDEX(Areas!$N:$N,MATCH($A27,Areas!$B:$B,0)),0)) | G27: =MIN(99999,ROUND(INDEX(Monsters!$I:$I,MATCH($B$3,Monsters!$B:$B,0))*(INDEX(Areas!$K:$K,MATCH($A27,Areas!$B:$B,0))/INDEX(Areas!$K:$K,MATCH($B$5,Areas!$B:$B,0)))^1*INDEX(Areas!$N:$N,MATCH($A27,Areas!$B:$B,0)),0)) | H27: =IF(AND(B27>=INDEX(Monsters!$Q:$Q,MATCH($B$3,Monsters!$B:$B,0)),B27<=INDEX(Monsters!$R:$R,MATCH($B$3,Monsters!$B:$B,0))),"yes","no")
A28: Baragoon Tunnel | B28: =INDEX(Areas!$C:$C,MATCH($A28,Areas!$B:$B,0)) | C28: =MIN(Settings!$B$23,ROUND(INDEX(Monsters!$E:$E,MATCH($B$3,Monsters!$B:$B,0))*(INDEX(Areas!$G:$G,MATCH($A28,Areas!$B:$B,0))/INDEX(Areas!$G:$G,MATCH($B$5,Areas!$B:$B,0)))^Settings!$B$6*INDEX(Areas!$N:$N,MATCH($A28,Areas!$B:$B,0)),0)) | D28: =MIN(Settings!$B$24,ROUND(INDEX(Monsters!$F:$F,MATCH($B$3,Monsters!$B:$B,0))*(INDEX(Areas!$H:$H,MATCH($A28,Areas!$B:$B,0))/INDEX(Areas!$H:$H,MATCH($B$5,Areas!$B:$B,0)))^Settings!$B$6*INDEX(Areas!$N:$N,MATCH($A28,Areas!$B:$B,0)),0)) | E28: =MIN(Settings!$B$24,ROUND(INDEX(Monsters!$G:$G,MATCH($B$3,Monsters!$B:$B,0))*(INDEX(Areas!$I:$I,MATCH($A28,Areas!$B:$B,0))/INDEX(Areas!$I:$I,MATCH($B$5,Areas!$B:$B,0)))^Settings!$B$6*INDEX(Areas!$N:$N,MATCH($A28,Areas!$B:$B,0)),0)) | F28: =MIN(Settings!$B$24,ROUND(INDEX(Monsters!$H:$H,MATCH($B$3,Monsters!$B:$B,0))*(INDEX(Areas!$J:$J,MATCH($A28,Areas!$B:$B,0))/INDEX(Areas!$J:$J,MATCH($B$5,Areas!$B:$B,0)))^Settings!$B$6*INDEX(Areas!$N:$N,MATCH($A28,Areas!$B:$B,0)),0)) | G28: =MIN(99999,ROUND(INDEX(Monsters!$I:$I,MATCH($B$3,Monsters!$B:$B,0))*(INDEX(Areas!$K:$K,MATCH($A28,Areas!$B:$B,0))/INDEX(Areas!$K:$K,MATCH($B$5,Areas!$B:$B,0)))^1*INDEX(Areas!$N:$N,MATCH($A28,Areas!$B:$B,0)),0)) | H28: =IF(AND(B28>=INDEX(Monsters!$Q:$Q,MATCH($B$3,Monsters!$B:$B,0)),B28<=INDEX(Monsters!$R:$R,MATCH($B$3,Monsters!$B:$B,0))),"yes","no")
A29: Dindom Dries | B29: =INDEX(Areas!$C:$C,MATCH($A29,Areas!$B:$B,0)) | C29: =MIN(Settings!$B$23,ROUND(INDEX(Monsters!$E:$E,MATCH($B$3,Monsters!$B:$B,0))*(INDEX(Areas!$G:$G,MATCH($A29,Areas!$B:$B,0))/INDEX(Areas!$G:$G,MATCH($B$5,Areas!$B:$B,0)))^Settings!$B$6*INDEX(Areas!$N:$N,MATCH($A29,Areas!$B:$B,0)),0)) | D29: =MIN(Settings!$B$24,ROUND(INDEX(Monsters!$F:$F,MATCH($B$3,Monsters!$B:$B,0))*(INDEX(Areas!$H:$H,MATCH($A29,Areas!$B:$B,0))/INDEX(Areas!$H:$H,MATCH($B$5,Areas!$B:$B,0)))^Settings!$B$6*INDEX(Areas!$N:$N,MATCH($A29,Areas!$B:$B,0)),0)) | E29: =MIN(Settings!$B$24,ROUND(INDEX(Monsters!$G:$G,MATCH($B$3,Monsters!$B:$B,0))*(INDEX(Areas!$I:$I,MATCH($A29,Areas!$B:$B,0))/INDEX(Areas!$I:$I,MATCH($B$5,Areas!$B:$B,0)))^Settings!$B$6*INDEX(Areas!$N:$N,MATCH($A29,Areas!$B:$B,0)),0)) | F29: =MIN(Settings!$B$24,ROUND(INDEX(Monsters!$H:$H,MATCH($B$3,Monsters!$B:$B,0))*(INDEX(Areas!$J:$J,MATCH($A29,Areas!$B:$B,0))/INDEX(Areas!$J:$J,MATCH($B$5,Areas!$B:$B,0)))^Settings!$B$6*INDEX(Areas!$N:$N,MATCH($A29,Areas!$B:$B,0)),0)) | G29: =MIN(99999,ROUND(INDEX(Monsters!$I:$I,MATCH($B$3,Monsters!$B:$B,0))*(INDEX(Areas!$K:$K,MATCH($A29,Areas!$B:$B,0))/INDEX(Areas!$K:$K,MATCH($B$5,Areas!$B:$B,0)))^1*INDEX(Areas!$N:$N,MATCH($A29,Areas!$B:$B,0)),0)) | H29: =IF(AND(B29>=INDEX(Monsters!$Q:$Q,MATCH($B$3,Monsters!$B:$B,0)),B29<=INDEX(Monsters!$R:$R,MATCH($B$3,Monsters!$B:$B,0))),"yes","no")
... A33: Mammon's World | B33: =INDEX(Areas!$C:$C,MATCH($A33,Areas!$B:$B,0)) | C33: =MIN(Settings!$B$23,ROUND(INDEX(Monsters!$E:$E,MATCH($B$3,Monsters!$B:$B,0))*(INDEX(Areas!$G:$G,MATCH($A33,Areas!$B:$B,0))/INDEX(Areas!$G:$G,MATCH($B$5,Areas!$B:$B,0)))^Settings!$B$6*INDEX(Areas!$N:$N,MATCH($A33,Areas!$B:$B,0)),0)) | D33: =MIN(Settings!$B$24,ROUND(INDEX(Monsters!$F:$F,MATCH($B$3,Monsters!$B:$B,0))*(INDEX(Areas!$H:$H,MATCH($A33,Areas!$B:$B,0))/INDEX(Areas!$H:$H,MATCH($B$5,Areas!$B:$B,0)))^Settings!$B$6*INDEX(Areas!$N:$N,MATCH($A33,Areas!$B:$B,0)),0)) | E33: =MIN(Settings!$B$24,ROUND(INDEX(Monsters!$G:$G,MATCH($B$3,Monsters!$B:$B,0))*(INDEX(Areas!$I:$I,MATCH($A33,Areas!$B:$B,0))/INDEX(Areas!$I:$I,MATCH($B$5,Areas!$B:$B,0)))^Settings!$B$6*INDEX(Areas!$N:$N,MATCH($A33,Areas!$B:$B,0)),0)) | F33: =MIN(Settings!$B$24,ROUND(INDEX(Monsters!$H:$H,MATCH($B$3,Monsters!$B:$B,0))*(INDEX(Areas!$J:$J,MATCH($A33,Areas!$B:$B,0))/INDEX(Areas!$J:$J,MATCH($B$5,Areas!$B:$B,0)))^Settings!$B$6*INDEX(Areas!$N:$N,MATCH($A33,Areas!$B:$B,0)),0)) | G33: =MIN(99999,ROUND(INDEX(Monsters!$I:$I,MATCH($B$3,Monsters!$B:$B,0))*(INDEX(Areas!$K:$K,MATCH($A33,Areas!$B:$B,0))/INDEX(Areas!$K:$K,MATCH($B$5,Areas!$B:$B,0)))^1*INDEX(Areas!$N:$N,MATCH($A33,Areas!$B:$B,0)),0)) | H33: =IF(AND(B33>=INDEX(Monsters!$Q:$Q,MATCH($B$3,Monsters!$B:$B,0)),B33<=INDEX(Monsters!$R:$R,MATCH($B$3,Monsters!$B:$B,0))),"yes","no")

Sheet Implementation
A1: Implementation notes (for the recomp's randomizer)
A2: What the game stores
A3: Six monster tables, one per world chunk: table 0 (ROM 0xADC090) Holy Plains + West Carmaugh, 1 (0xB63378) Connor / Dondoran Flats / Glencoe, 2 (0xBBDE98) Cull Hazard / Blue Cave / East Limelin, 3 (0xC317E8) Dindom / Boil Hole / Baragoon Moor / Brannoch, 4 (0xC9BE50) Windward / Isle of Skye / Baragoon Tunnel, 5 Mammon's World. Each area's 0x18-byte map header holds the table index it uses (merrow_mapdata.cpp AreaMap.table_index).
A4: Encounters are packs: up to four (table slot, always-count, extra-count) entries, written as packCount*3 words at the pack's ROM address. Regions pick from up to seven pack presets. Baragoon Moor 1-2, Brannoch 1-6 and Mammon 1-6 share pack definitions, so those submaps must be treated as one area (the sheet already merges them).
A5: Monster stats are six halfwords per monster at the addresses in Monsters!S (HP is stored twice in a row; Merrow's one-hit-KO writes both). The randomizer already writes them (options.monster_stats / monster_scale), so rescaled stats are the same Write records.
A6: Algorithm (boot time, pure function of seed + settings)
A7: 1. Read tiers, spread, k from the options. 2. For each area in progression order: pool = monsters with Placeable-from <= tier <= Placeable-to, minus monsters already placed in this tier and its neighbours where possible, minus fliers over the cap. 3. Draw roster-size monsters from the pool (seeded RNG). 4. Build the area's table: either (a) point the area at the table that already holds those monsters when they all come from one chunk, or (b) write a new table into free ROM space listing the chosen monsters' entries. 5. Keep the pack shapes, remap each pack member's slot to the new roster. 6. For each placed monster, write scaled stats. 7. Spoiler log: area -> roster with scaled stats.
A8: The one thing to verify first
A9: Whether a table can mix monsters from different chunks, i.e. whether a monster's model and animation data is reachable from any area or only from its own chunk's overlay. Merrow's table swap already makes an area use another chunk's whole table, which suggests monsters load from wherever their table entry points; a 10-minute test is to hand-write one table entry (e.g. put a Wyvern into table 0) and walk into the Holy Plains. If cross-chunk placement is not possible, the fallback is spread = 0 within each chunk plus stat scaling, which still fixes the difficulty problem but with smaller pools.
A10: Where it goes in the code
A11: src/game/randomizer/randomizer.cpp shuffle_enemies() already owns the table index / pack writes; add the tier pool selection there and the stat writes next to the existing monster_stats writes. Options: enemy_progression (bool), enemy_spread_down and enemy_spread_up (int), enemy_scale_strength (0/50/100 %), enemy_max_fliers. The per-area tiers and the progression budgets are constants derived from the Areas tab. UI: four controls under the existing "Enemy shuffling" group on the Randomizer tab. The tier table itself can be a constant array (one tier per area, from the Areas tab).
A12: Open questions
A13: Should exp scale with k or always fully (this sheet says always)? Do the story bosses' areas (Connor, Windward, Blue Cave, Boil Hole, Moor, Brannoch) need the boss's own minions kept vanilla for the fight leading up to them?
